"","agency_cd","site_no","sample_dt","sample_tm","sample_end_dt","sample_end_tm","sample_start_time_datum_cd","tm_datum_rlbty_cd","coll_ent_cd","medium_cd","project_cd","aqfr_cd","tu_id","body_part_id","hyd_cond_cd","samp_type_cd","hyd_event_cd","sample_lab_cm_tx","parm_cd","remark_cd","result_va","val_qual_tx","meth_cd","dqi_cd","rpt_lev_va","rpt_lev_cd","lab_std_va","prep_set_no","prep_dt","anl_set_no","anl_dt","result_lab_cm_tx","anl_ent_cd","startDateTime"
"1","USGS","01119375",2017-01-11,"10:00",NA,NA,"EST","K","USGS-WRD","WS","10003LB00",NA,NA,NA,"8","9","3",NA,"50468",NA,99,NA,"BAC14","R",NA,NA,NA,NA,NA,NA,NA,NA,"USGS-WRD",2017-01-11 10:00:00
"2","USGS","01119375",2017-03-13,"09:30",NA,NA,"EST","K","USGS-WRD","WS","10003LB00",NA,NA,NA,"5","9","3",NA,"50468",NA,23,NA,"BAC14","R",NA,NA,NA,NA,NA,NA,NA,NA,"USGS-WRD",2017-03-13 09:30:00
"3","USGS","01119375",2017-05-09,"09:15",NA,NA,"EST","K","USGS-WRD","WS","10003LB00",NA,NA,NA,"5","9","3",NA,"50468",NA,46,NA,"BAC14","R",NA,NA,NA,NA,NA,NA,NA,NA,"USGS-WRD",2017-05-09 09:15:00
"4","USGS","01119375",2017-07-03,"10:00",NA,NA,"EST","K","USGS-WRD","WS","10003LB00",NA,NA,NA,"6","9","3",NA,"50468",NA,160,NA,"BAC14","R",NA,NA,NA,NA,NA,NA,NA,NA,"USGS-WRD",2017-07-03 10:00:00
"5","USGS","01119375",2017-08-07,"07:45",NA,NA,"EST","K","USGS-WRD","WS","10003LB00",NA,NA,NA,"5","9","3",NA,"50468",NA,240,NA,"BAC14","R",NA,NA,NA,NA,NA,NA,NA,NA,"USGS-WRD",2017-08-07 07:45:00
"6","USGS","01119375",2017-09-13,"13:30",NA,NA,"EDT","K","USGS-WRD","WS","10003LB00",NA,NA,NA,"4","7","3",NA,"50468",NA,41,NA,"BAC14","R",NA,NA,NA,NA,NA,NA,NA,NA,"USGS-WRD",2017-09-13 13:30:00
"7","USGS","01119375",2017-11-13,"09:30",NA,NA,"EST","K","USGS-WRD","WS","10003LB00",NA,NA,NA,"9","9","3",NA,"50468",NA,180,NA,"BAC14","R",NA,NA,NA,NA,NA,NA,NA,NA,"USGS-WRD",2017-11-13 09:30:00
"8","USGS","01119375",2018-01-08,"09:15",NA,NA,"EST","K","USGS-WRD","WS","10003LB00",NA,NA,NA,"9","9","3",NA,"50468",NA,51,NA,"BAC14","R",NA,NA,NA,NA,NA,NA,NA,NA,"USGS-WRD",2018-01-08 09:15:00
"9","USGS","01119375",2018-03-28,"13:45",NA,NA,"EDT","K","USGS-WRD","WS","10003LB00",NA,NA,NA,"9","9","3",NA,"50468",NA,5,NA,"BAC14","R",NA,NA,NA,NA,NA,NA,NA,NA,"USGS-WRD",2018-03-28 13:45:00
"10","USGS","01119375",2018-05-09,"08:45",NA,NA,"EDT","K","USGS-WRD","WS","10003LB00",NA,NA,NA,"9","9","3",NA,"50468",NA,68,NA,"BAC14","R",NA,NA,NA,NA,NA,NA,NA,NA,"USGS-WRD",2018-05-09 08:45:00
"11","USGS","01119375",2018-07-12,"11:45",NA,NA,"EDT","K","USGS-WRD","WS","10003LB00",NA,NA,NA,"9","9","9",NA,"50468",NA,73,NA,"BAC14","R",NA,NA,NA,NA,NA,NA,NA,NA,"USGS-WRD",2018-07-12 11:45:00
"12","USGS","01119375",2018-08-06,"11:45",NA,NA,"EDT","K","USGS-WRD","WS","10003LB00",NA,NA,NA,"5","9","3",NA,"50468",NA,130,NA,"BAC14","R",NA,NA,NA,NA,NA,NA,NA,NA,"USGS-WRD",2018-08-06 11:45:00
"13","USGS","01119375",2018-09-04,"13:45",NA,NA,"EDT","K","USGS-WRD","WS","10003LB00",NA,NA,NA,"9","9","3",NA,"50468",NA,72,NA,"BAC14","R",NA,NA,NA,NA,NA,NA,NA,NA,"USGS-WRD",2018-09-04 13:45:00
"14","USGS","01119375",2018-11-08,"08:45",NA,NA,"EST","K","USGS-WRD","WS","10003LB00",NA,NA,NA,"6","7","3",NA,"50468",NA,110,NA,"BAC14","R",NA,NA,NA,NA,NA,NA,NA,NA,"USGS-WRD",2018-11-08 08:45:00
"15","USGS","01120800",2017-01-11,"14:00",NA,NA,"EST","K","USGS-WRD","WS","10003LB00",NA,NA,NA,"8","9","9",NA,"50468",NA,49,NA,"BAC14","R",NA,NA,NA,NA,NA,NA,NA,NA,"USGS-WRD",2017-01-11 14:00:00
"16","USGS","01120800",2017-03-13,"12:15",NA,NA,"EST","K","USGS-WRD","WS","10003LB00",NA,NA,NA,"8","9","9",NA,"50468",NA,12,NA,"BAC14","R",NA,NA,NA,NA,NA,NA,NA,NA,"USGS-WRD",2017-03-13 12:15:00
"17","USGS","01120800",2017-05-09,"12:30",NA,NA,"EST","K","USGS-WRD","WS","10003LB00",NA,NA,NA,"5","9","9",NA,"50468",NA,83,NA,"BAC14","R",NA,NA,NA,NA,NA,NA,NA,NA,"USGS-WRD",2017-05-09 12:30:00
"18","USGS","01120800",2017-06-01,"07:45",NA,NA,"EST","K","USGS-WRD","WS","10003LB00",NA,NA,NA,"9","9","9",NA,"50468",NA,86,NA,"BAC14","R",NA,NA,NA,NA,NA,NA,NA,NA,NA,2017-06-01 07:45:00
"19","USGS","01120800",2017-07-03,"07:45",NA,NA,"EST","K","USGS-WRD","WS","10003LB00",NA,NA,NA,"6","9","9",NA,"50468",NA,140,NA,"BAC14","R",NA,NA,NA,NA,NA,NA,NA,NA,"USGS-WRD",2017-07-03 07:45:00
"20","USGS","01120800",2017-08-07,"10:15",NA,NA,"EST","K","USGS-WRD","WS","10003LB00",NA,NA,NA,"5","9","9",NA,"50468",NA,190,NA,"BAC14","R",NA,NA,NA,NA,NA,NA,NA,NA,"USGS-WRD",2017-08-07 10:15:00
"21","USGS","01120800",2017-09-13,"10:45",NA,NA,"EDT","K","USGS-WRD","WS","10003LB00",NA,NA,NA,"9","9","9",NA,"50468",NA,39,NA,"BAC14","R",NA,NA,NA,NA,NA,NA,NA,NA,"USGS-WRD",2017-09-13 10:45:00
"22","USGS","01120800",2017-11-13,"12:00",NA,NA,"EST","K","USGS-WRD","WS","10003LB00",NA,NA,NA,"9","9","9",NA,"50468",NA,36,NA,"BAC14","R",NA,NA,NA,NA,NA,NA,NA,NA,"USGS-WRD",2017-11-13 12:00:00
"23","USGS","01120800",2018-01-08,"11:15",NA,NA,"EST","K","USGS-WRD","WS","10003LB00",NA,NA,NA,"5","9","9",NA,"50468",NA,40,NA,"BAC14","R",NA,NA,NA,NA,NA,NA,NA,NA,"USGS-WRD",2018-01-08 11:15:00
"24","USGS","01120800",2018-03-28,"09:15",NA,NA,"EDT","K","USGS-WRD","WS","10003LB00",NA,NA,NA,"9","9","9",NA,"50468",NA,14,NA,"BAC14","R",NA,NA,NA,NA,NA,NA,NA,NA,"USGS-WRD",2018-03-28 09:15:00
"25","USGS","01120800",2018-05-09,"11:00",NA,NA,"EDT","K","USGS-WRD","WS","10003LB00",NA,NA,NA,"9","7","9",NA,"50468",NA,22,NA,"BAC14","R",NA,NA,NA,NA,NA,NA,NA,NA,"USGS-WRD",2018-05-09 11:00:00
"26","USGS","01120800",2018-06-04,"13:00",NA,NA,"EDT","K","USGS-WRD","WS","10003LB00",NA,NA,NA,"8","9","9",NA,"50468",NA,160,NA,"BAC14","R",NA,NA,NA,NA,NA,NA,NA,NA,"USGS-WRD",2018-06-04 13:00:00
"27","USGS","01120800",2018-07-12,"08:45",NA,NA,"EDT","K","USGS-WRD","WS","10003LB00",NA,NA,NA,"9","9","9",NA,"50468",NA,60,NA,"BAC14","R",NA,NA,NA,NA,NA,NA,NA,NA,"USGS-WRD",2018-07-12 08:45:00
"28","USGS","01120800",2018-08-06,"09:15",NA,NA,"EDT","K","USGS-WRD","WS","10003LB00",NA,NA,NA,"5","9","9",NA,"50468",NA,390,NA,"BAC14","R",NA,NA,NA,NA,NA,NA,NA,NA,"USGS-WRD",2018-08-06 09:15:00
"29","USGS","01120800",2018-09-04,"10:30",NA,NA,"EDT","K","USGS-WRD","WS","10003LB00",NA,NA,NA,"9","9","9",NA,"50468",NA,130,NA,"BAC14","R",NA,NA,NA,NA,NA,NA,NA,NA,"USGS-WRD",2018-09-04 10:30:00
"30","USGS","01120800",2018-11-08,"11:30",NA,NA,"EST","K","USGS-WRD","WS","10003LB00",NA,NA,NA,"6","9","9",NA,"50468",NA,41,NA,"BAC14","R",NA,NA,NA,NA,NA,NA,NA,NA,"USGS-WRD",2018-11-08 11:30:00
"31","USGS","01122610",2017-01-10,"13:30",NA,NA,"EST","K","USGS-WRD","WS","10003LB00",NA,NA,NA,"5","9","3",NA,"50468",NA,75,NA,"BAC14","R",NA,NA,NA,NA,NA,NA,NA,NA,"USGS-WRD",2017-01-10 13:30:00
"32","USGS","01122610",2017-02-15,"09:00",NA,NA,"EST","K","USGS-WRD","WS","10003LB00",NA,NA,NA,"4","9","3",NA,"50468",NA,35,NA,"BAC14","R",NA,NA,NA,NA,NA,NA,NA,NA,"USGS-WRD",2017-02-15 09:00:00
"33","USGS","01122610",2017-03-22,"07:45",NA,NA,"EST","K","USGS-WRD","WS","10003LB00",NA,NA,NA,"4","9","3",NA,"50468",NA,220,NA,"BAC14","R",NA,NA,NA,NA,NA,NA,NA,NA,"USGS-WRD",2017-03-22 07:45:00
"34","USGS","01122610",2017-04-11,"10:00",NA,NA,"EST","K","USGS-WRD","WS","10003LB00",NA,NA,NA,"9","7","3",NA,"50468",NA,85,NA,"BAC14","R",NA,NA,NA,NA,NA,NA,NA,NA,"USGS-WRD",2017-04-11 10:00:00
"35","USGS","01122610",2017-05-08,"12:45",NA,NA,"EST","K","USGS-WRD","WS","10003LB00",NA,NA,NA,"5","9","3",NA,"50468",NA,91,NA,"BAC14","R",NA,NA,NA,NA,NA,NA,NA,NA,"USGS-WRD",2017-05-08 12:45:00
"36","USGS","01122610",2017-06-05,"11:15",NA,NA,"EST","K","USGS-WRD","WS","10003LB00",NA,NA,NA,"9","9","3",NA,"50468",NA,55,NA,"BAC14","R",NA,NA,NA,NA,NA,NA,NA,NA,"USGS-WRD",2017-06-05 11:15:00
"37","USGS","01122610",2017-07-11,"10:30",NA,NA,"EST","K","USGS-WRD","WS","10003LB00",NA,NA,NA,"6","9","3",NA,"50468",NA,120,NA,"BAC14","R",NA,NA,NA,NA,NA,NA,NA,NA,"USGS-WRD",2017-07-11 10:30:00
"38","USGS","01122610",2017-08-14,"08:00",NA,NA,"EST","K","USGS-WRD","WS","10003LB00",NA,NA,NA,"9","9","3",NA,"50468",NA,43,NA,"BAC14","R",NA,NA,NA,NA,NA,NA,NA,NA,"USGS-WRD",2017-08-14 08:00:00
"39","USGS","01122610",2017-09-08,"08:30",NA,NA,"EDT","K","USGS-WRD","WS","10003LB00",NA,NA,NA,"5","9","3",NA,"50468",NA,410,NA,"BAC14","R",NA,NA,NA,NA,NA,NA,NA,NA,"USGS-WRD",2017-09-08 08:30:00
"40","USGS","01122610",2017-10-11,"14:00",NA,NA,"EDT","K","USGS-WRD","WS","10003LB00",NA,NA,NA,"4","9","3",NA,"50468",NA,61,NA,"BAC14","R",NA,NA,NA,NA,NA,NA,NA,NA,"USGS-WRD",2017-10-11 14:00:00
"41","USGS","01122610",2017-11-02,"12:00",NA,NA,"EDT","K","USGS-WRD","WS","10003LB00",NA,NA,NA,"5","9","3",NA,"50468",NA,120,NA,"BAC14","R",NA,NA,NA,NA,NA,NA,NA,NA,"USGS-WRD",2017-11-02 12:00:00
"42","USGS","01122610",2017-12-07,"11:15",NA,NA,"EST","K","USGS-WRD","WS","10003LB00",NA,NA,NA,"5","9","3",NA,"50468",NA,76,NA,"BAC14","R",NA,NA,NA,NA,NA,NA,NA,NA,"USGS-WRD",2017-12-07 11:15:00
"43","USGS","01122610",2018-01-02,"10:30",NA,NA,"EST","K","USGS-WRD","WS","10003LB00",NA,NA,NA,"4","9","3",NA,"50468",NA,52,NA,"BAC14","R",NA,NA,NA,NA,NA,NA,NA,NA,"USGS-WRD",2018-01-02 10:30:00
"44","USGS","01122610",2018-02-02,"09:00",NA,NA,"EST","K","USGS-WRD","WS","10003LB00",NA,NA,NA,"8","9","3",NA,"50468",NA,170,NA,"BAC14","R",NA,NA,NA,NA,NA,NA,NA,NA,"USGS-WRD",2018-02-02 09:00:00
"45","USGS","01122610",2018-03-21,"11:30",NA,NA,"EDT","K","USGS-WRD","WS","10003LB00",NA,NA,NA,"4","9","3",NA,"50468",NA,60,NA,"BAC14","R",NA,NA,NA,NA,NA,NA,NA,NA,"USGS-WRD",2018-03-21 11:30:00
"46","USGS","01122610",2018-04-16,"13:15",NA,NA,"EDT","K","USGS-WRD","WS","10003LB00",NA,NA,NA,"8","9","3",NA,"50468",NA,210,NA,"BAC14","R",NA,NA,NA,NA,NA,NA,NA,NA,"USGS-WRD",2018-04-16 13:15:00
"47","USGS","01122610",2018-05-14,"09:15",NA,NA,"EDT","K","USGS-WRD","WS","10003LB00",NA,NA,NA,"4","7","3",NA,"50468",NA,50,NA,"BAC14","R",NA,NA,NA,NA,NA,NA,NA,NA,"USGS-WRD",2018-05-14 09:15:00
"48","USGS","01122610",2018-06-21,"14:15",NA,NA,"EDT","K","USGS-WRD","WS","10003LB00",NA,NA,NA,"9","9","3","L-1730329 Improper sample container; TOC in amber 250mL bottle","50468",NA,43,NA,"BAC14","R",NA,NA,NA,NA,NA,NA,NA,NA,"USGS-WRD",2018-06-21 14:15:00
"49","USGS","01122610",2018-07-18,"09:30",NA,NA,"EDT","K","USGS-WRD","WS","10003LB00",NA,NA,NA,"7","9","3",NA,"50468",NA,2000,NA,"BAC14","R",NA,NA,NA,NA,NA,NA,NA,NA,"USGS-WRD",2018-07-18 09:30:00
"50","USGS","01122610",2018-08-02,"12:45",NA,NA,"EDT","K","USGS-WRD","WS","10003LB00",NA,NA,NA,"9","9","3","L-2210068 Ok to login warm samples per Martin   FED EX LATE DELIVERY Chilled containers received warm at 11.8  Degrees C","50468",NA,34,NA,"BAC14","R",NA,NA,NA,NA,NA,NA,NA,NA,"USGS-WRD",2018-08-02 12:45:00
"51","USGS","01122610",2018-09-10,"12:30",NA,NA,"EDT","K","USGS-WRD","WS","10003LB00",NA,NA,NA,"6","9","3",NA,"50468",NA,38,NA,"BAC14","R",NA,NA,NA,NA,NA,NA,NA,NA,"USGS-WRD",2018-09-10 12:30:00
"52","USGS","01122610",2018-10-04,"13:30",NA,NA,"EDT","K","USGS-WRD","WS","10003LB00",NA,NA,NA,"5","9","3",NA,"50468",NA,410,NA,"BAC14","R",NA,NA,NA,NA,NA,NA,NA,NA,"USGS-WRD",2018-10-04 13:30:00
"53","USGS","01122610",2018-12-13,"12:15",NA,NA,"EST","K","USGS-WRD","WS","10003LB00",NA,NA,NA,"9","9","3",NA,"50468",NA,43,NA,"BAC14","R",NA,NA,NA,NA,NA,NA,NA,NA,"USGS-WRD",2018-12-13 12:15:00
"54","USGS","01124000",2017-01-04,"10:45",NA,NA,"EST","K","USGS-WRD","WS","10003LB00",NA,NA,NA,"8","9","3",NA,"50468",NA,160,NA,"BAC14","R",NA,NA,NA,NA,NA,NA,NA,NA,"USGS-WRD",2017-01-04 10:45:00
"55","USGS","01124000",2017-03-02,"09:30",NA,NA,"EST","K","USGS-WRD","WS","10003LB00",NA,NA,NA,"8","9","3","L-0650011 FED EX LATE DELIVERY","50468",NA,44,NA,"BAC14","R",NA,NA,NA,NA,NA,NA,NA,NA,"USGS-WRD",2017-03-02 09:30:00
"56","USGS","01124000",2017-05-16,"10:00",NA,NA,"EDT","K","USGS-WRD","WS","10003LB00",NA,NA,NA,"8","9","3",NA,"50468",NA,72,NA,"BAC14","R",NA,NA,NA,NA,NA,NA,NA,NA,"USGS-WRD",2017-05-16 10:00:00
"57","USGS","01124000",2017-06-27,"09:15",NA,NA,"EDT","K","USGS-WRD","WS","10003LB00",NA,NA,NA,"5","9","3","L-1790134 Updated Time from 0815 per J. Mullaney 9/6/17","50468",NA,84,NA,"BAC14","R",NA,NA,NA,NA,NA,NA,NA,NA,"USGS-WRD",2017-06-27 09:15:00
"58","USGS","01124000",2017-07-24,"08:30",NA,NA,"EDT","K","USGS-WRD","WS","10003LB00",NA,NA,NA,"6","9","3","L-2060167 Updated Time from 0730 per J. Mullaney 9/6/17","50468",NA,90,NA,"BAC14","R",NA,NA,NA,NA,NA,NA,NA,NA,"USGS-WRD",2017-07-24 08:30:00
"59","USGS","01124000",2017-08-16,"13:15",NA,NA,"EDT","K","USGS-WRD","WS","10003LB00",NA,NA,NA,"5","9","3","L-2290156 Updated Time from  1215 per J.Mullaney. JPC 8/24/17","50468",NA,78,NA,"BAC14","R",NA,NA,NA,NA,NA,NA,NA,NA,"USGS-WRD",2017-08-16 13:15:00
"60","USGS","01124000",2017-09-12,"09:15",NA,NA,"EDT","K","USGS-WRD","WS","10003LB00",NA,NA,NA,"5","9","3",NA,"50468",NA,72,NA,"BAC14","R",NA,NA,NA,NA,NA,NA,NA,NA,"USGS-WRD",2017-09-12 09:15:00
"61","USGS","01124000",2018-01-03,"09:30",NA,NA,"EST","K","USGS-WRD","WS","10003LB00",NA,NA,NA,"9","9","3",NA,"50468",NA,96,NA,"BAC14","R",NA,NA,NA,NA,NA,NA,NA,NA,"USGS-WRD",2018-01-03 09:30:00
"62","USGS","01124000",2018-03-19,"09:45",NA,NA,"EDT","K","USGS-WRD","WS","10003LB00",NA,NA,NA,"6","7","3",NA,"50468",NA,39,NA,"BAC14","R",NA,NA,NA,NA,NA,NA,NA,NA,"USGS-WRD",2018-03-19 09:45:00
"63","USGS","01124000",2018-05-03,"09:15",NA,NA,"EDT","K","USGS-WRD","WS","10003LB00",NA,NA,NA,"6","9","3",NA,"50468",NA,17,NA,"BAC14","R",NA,NA,NA,NA,NA,NA,NA,NA,"USGS-WRD",2018-05-03 09:15:00
"64","USGS","01124000",2018-06-11,"08:45",NA,NA,"EDT","K","USGS-WRD","WS","10003LB00",NA,NA,NA,"5","9","3",NA,"50468",NA,91,NA,"BAC14","R",NA,NA,NA,NA,NA,NA,NA,NA,"USGS-WRD",2018-06-11 08:45:00
"65","USGS","01124000",2018-07-12,"08:30",NA,NA,"EDT","K","USGS-WRD","WS","10003LB00",NA,NA,NA,"5","9","3",NA,"50468",NA,47,NA,"BAC14","R",NA,NA,NA,NA,NA,NA,NA,NA,"USGS-WRD",2018-07-12 08:30:00
"66","USGS","01124000",2018-08-13,"10:30",NA,NA,"EDT","K","USGS-WRD","WS","10003LB00",NA,NA,NA,"6","9","3",NA,"50468",NA,88,NA,"BAC14","R",NA,NA,NA,NA,NA,NA,NA,NA,"USGS-WRD",2018-08-13 10:30:00
"67","USGS","01124000",2018-09-06,"10:00",NA,NA,"EDT","K","USGS-WRD","WS","10003LB00",NA,NA,NA,"9","9","3",NA,"50468",NA,40,NA,"BAC14","R",NA,NA,NA,NA,NA,NA,NA,NA,"USGS-WRD",2018-09-06 10:00:00
"68","USGS","01124000",2018-11-07,"09:15",NA,NA,"EST","K","USGS-WRD","WS","10003LB00",NA,NA,NA,"6","9","3",NA,"50468",NA,88,NA,"BAC14","R",NA,NA,NA,NA,NA,NA,NA,NA,"USGS-WRD",2018-11-07 09:15:00
"69","USGS","01125100",2017-01-04,"13:15",NA,NA,"EST","K","USGS-WRD","WS","10003LB00",NA,NA,NA,"8","9","3",NA,"50468",NA,140,NA,"BAC14","R",NA,NA,NA,NA,NA,NA,NA,NA,"USGS-WRD",2017-01-04 13:15:00
"70","USGS","01125100",2017-03-02,"10:15",NA,NA,"EST","K","USGS-WRD","WS","10003LB00",NA,NA,NA,"8","9","3","L-0650010 FED EX LATE DELIVERY","50468",NA,52,NA,"BAC14","R",NA,NA,NA,NA,NA,NA,NA,NA,"USGS-WRD",2017-03-02 10:15:00
"71","USGS","01125100",2017-05-16,"12:00",NA,NA,"EDT","K","USGS-WRD","WS","10003LB00",NA,NA,NA,"8","7","3",NA,"50468",NA,150,NA,"BAC14","R",NA,NA,NA,NA,NA,NA,NA,NA,"USGS-WRD",2017-05-16 12:00:00
"72","USGS","01125100",2017-06-27,"10:30",NA,NA,"EDT","K","USGS-WRD","WS","10003LB00",NA,NA,NA,"5","9","3","L-1790133 Updated Time from 0930 per J. Mullaney 9/6/17","50468",NA,40,NA,"BAC14","R",NA,NA,NA,NA,NA,NA,NA,NA,"USGS-WRD",2017-06-27 10:30:00
"73","USGS","01125100",2017-07-24,"09:45",NA,NA,"EDT","K","USGS-WRD","WS","10003LB00",NA,NA,NA,"6","9","3","L-2060168 Updated Time from 0845 per J. Mullaney 9/6/17","50468",NA,93,NA,"BAC14","R",NA,NA,NA,NA,NA,NA,NA,NA,"USGS-WRD",2017-07-24 09:45:00
"74","USGS","01125100",2017-08-16,"10:45",NA,NA,"EDT","K","USGS-WRD","WS","10003LB00",NA,NA,NA,"5","9","3","L-2290155 Updated Time from  0945 per J.Mullaney. JPC 8/24/17","50468",NA,150,NA,"BAC14","R",NA,NA,NA,NA,NA,NA,NA,NA,"USGS-WRD",2017-08-16 10:45:00
"75","USGS","01125100",2017-09-12,"11:15",NA,NA,"EDT","K","USGS-WRD","WS","10003LB00",NA,NA,NA,"5","9","3",NA,"50468",NA,34,NA,"BAC14","R",NA,NA,NA,NA,NA,NA,NA,NA,"USGS-WRD",2017-09-12 11:15:00
"76","USGS","01125100",2018-01-03,"11:00",NA,NA,"EST","K","USGS-WRD","WS","10003LB00",NA,NA,NA,"9","9","3",NA,"50468",NA,36,NA,"BAC14","R",NA,NA,NA,NA,NA,NA,NA,NA,"USGS-WRD",2018-01-03 11:00:00
"77","USGS","01125100",2018-03-19,"12:00",NA,NA,"EDT","K","USGS-WRD","WS","10003LB00",NA,NA,NA,"9","9","3",NA,"50468",NA,36,NA,"BAC14","R",NA,NA,NA,NA,NA,NA,NA,NA,"USGS-WRD",2018-03-19 12:00:00
"78","USGS","01125100",2018-05-03,"10:45",NA,NA,"EDT","K","USGS-WRD","WS","10003LB00",NA,NA,NA,"6","9","3",NA,"50468",NA,16,NA,"BAC14","R",NA,NA,NA,NA,NA,NA,NA,NA,"USGS-WRD",2018-05-03 10:45:00
"79","USGS","01125100",2018-06-11,"10:00",NA,NA,"EDT","K","USGS-WRD","WS","10003LB00",NA,NA,NA,"5","9","3",NA,"50468",NA,66,NA,"BAC14","R",NA,NA,NA,NA,NA,NA,NA,NA,"USGS-WRD",2018-06-11 10:00:00
"80","USGS","01125100",2018-07-12,"10:15",NA,NA,"EDT","K","USGS-WRD","WS","10003LB00",NA,NA,NA,"5","9","3",NA,"50468",NA,33,NA,"BAC14","R",NA,NA,NA,NA,NA,NA,NA,NA,"USGS-WRD",2018-07-12 10:15:00
"81","USGS","01125100",2018-08-13,"13:00",NA,NA,"EDT","K","USGS-WRD","WS","10003LB00",NA,NA,NA,"6","9","3",NA,"50468",NA,76,NA,"BAC14","R",NA,NA,NA,NA,NA,NA,NA,NA,"USGS-WRD",2018-08-13 13:00:00
"82","USGS","01125100",2018-09-06,"11:45",NA,NA,"EDT","K","USGS-WRD","WS","10003LB00",NA,NA,NA,"6","9","3",NA,"50468",NA,30,NA,"BAC14","R",NA,NA,NA,NA,NA,NA,NA,NA,"USGS-WRD",2018-09-06 11:45:00
"83","USGS","01125100",2018-11-07,"10:45",NA,NA,"EST","K","USGS-WRD","WS","10003LB00",NA,NA,NA,"6","9","3",NA,"50468",NA,880,NA,"BAC14","R",NA,NA,NA,NA,NA,NA,NA,NA,"USGS-WRD",2018-11-07 10:45:00
"84","USGS","01125520",2017-01-04,"15:00",NA,NA,"EST","K","USGS-WRD","WS","10003LB00",NA,NA,NA,"8","7","3",NA,"50468",NA,650,NA,"BAC14","R",NA,NA,NA,NA,NA,NA,NA,NA,"USGS-WRD",2017-01-04 15:00:00
"85","USGS","01125520",2017-03-02,"12:15",NA,NA,"EST","K","USGS-WRD","WS","10003LB00",NA,NA,NA,"8","9","3","L-0650012 FED EX LATE DELIVERY","50468",NA,0,NA,"BAC14","R",NA,NA,NA,NA,NA,NA,NA,NA,"USGS-WRD",2017-03-02 12:15:00
"86","USGS","01125520",2017-05-16,"13:00",NA,NA,"EST","K","USGS-WRD","WS","10003LB00",NA,NA,NA,"8","9","3",NA,"50468",NA,140,NA,"BAC14","R",NA,NA,NA,NA,NA,NA,NA,NA,"USGS-WRD",2017-05-16 13:00:00
"87","USGS","01125520",2017-06-27,"10:45",NA,NA,"EST","K","USGS-WRD","WS","10003LB00",NA,NA,NA,"9","9","3",NA,"50468",NA,75,NA,"BAC14","R",NA,NA,NA,NA,NA,NA,NA,NA,"USGS-WRD",2017-06-27 10:45:00
"88","USGS","01125520",2017-07-24,"10:00",NA,NA,"EST","K","USGS-WRD","WS","10003LB00",NA,NA,NA,"8","9","3",NA,"50468",NA,74,NA,"BAC14","R",NA,NA,NA,NA,NA,NA,NA,NA,"USGS-WRD",2017-07-24 10:00:00
"89","USGS","01125520",2017-08-16,"07:45",NA,NA,"EST","K","USGS-WRD","WS","10003LB00",NA,NA,NA,"9","9","3",NA,"50468",NA,79,NA,"BAC14","R",NA,NA,NA,NA,NA,NA,NA,NA,"USGS-WRD",2017-08-16 07:45:00
"90","USGS","01125520",2017-09-12,"13:00",NA,NA,"EDT","K","USGS-WRD","WS","10003LB00",NA,NA,NA,"9","9","3",NA,"50468",NA,43,NA,"BAC14","R",NA,NA,NA,NA,NA,NA,NA,NA,"USGS-WRD",2017-09-12 13:00:00
"91","USGS","01125520",2018-01-03,"13:00",NA,NA,"EST","K","USGS-WRD","WS","10003LB00",NA,NA,NA,"9","9","3",NA,"50468",NA,340,NA,"BAC14","R",NA,NA,NA,NA,NA,NA,NA,NA,"USGS-WRD",2018-01-03 13:00:00
"92","USGS","01125520",2018-03-19,"13:45",NA,NA,"EDT","K","USGS-WRD","WS","10003LB00",NA,NA,NA,"4","9","3",NA,"50468",NA,46,NA,"BAC14","R",NA,NA,NA,NA,NA,NA,NA,NA,"USGS-WRD",2018-03-19 13:45:00
"93","USGS","01125520",2018-05-03,"12:45",NA,NA,"EDT","K","USGS-WRD","WS","10003LB00",NA,NA,NA,"6","9","3",NA,"50468",NA,9,NA,"BAC14","R",NA,NA,NA,NA,NA,NA,NA,NA,"USGS-WRD",2018-05-03 12:45:00
"94","USGS","01125520",2018-06-11,"11:30",NA,NA,"EDT","K","USGS-WRD","WS","10003LB00",NA,NA,NA,"9","7","3",NA,"50468",NA,48,NA,"BAC14","R",NA,NA,NA,NA,NA,NA,NA,NA,"USGS-WRD",2018-06-11 11:30:00
"95","USGS","01125520",2018-07-12,"11:45",NA,NA,"EDT","K","USGS-WRD","WS","10003LB00",NA,NA,NA,"5","9","3",NA,"50468",NA,27,NA,"BAC14","R",NA,NA,NA,NA,NA,NA,NA,NA,"USGS-WRD",2018-07-12 11:45:00
"96","USGS","01125520",2018-08-13,"15:15",NA,NA,"EDT","K","USGS-WRD","WS","10003LB00",NA,NA,NA,"6","9","3",NA,"50468",NA,220,NA,"BAC14","R",NA,NA,NA,NA,NA,NA,NA,NA,"USGS-WRD",2018-08-13 15:15:00
"97","USGS","01125520",2018-09-06,"13:45",NA,NA,"EDT","K","USGS-WRD","WS","10003LB00",NA,NA,NA,"6","9","3",NA,"50468",NA,44,NA,"BAC14","R",NA,NA,NA,NA,NA,NA,NA,NA,"USGS-WRD",2018-09-06 13:45:00
"98","USGS","01125520",2018-11-07,"13:00",NA,NA,"EST","K","USGS-WRD","WS","10003LB00",NA,NA,NA,"6","9","3",NA,"50468",NA,110,NA,"BAC14","S",NA,NA,NA,NA,NA,NA,NA,NA,"USGS-WRD",2018-11-07 13:00:00
"99","USGS","01127000",2017-01-10,"10:15",NA,NA,"EST","K","USGS-WRD","WS","10003LB00",NA,NA,NA,"9","9","3",NA,"50468",NA,100,NA,"BAC14","R",NA,NA,NA,NA,NA,NA,NA,NA,"USGS-WRD",2017-01-10 10:15:00
"100","USGS","01127000",2017-03-22,"09:30",NA,NA,"EST","K","USGS-WRD","WS","10003LB00",NA,NA,NA,"8","9","3",NA,"50468",NA,91,NA,"BAC14","R",NA,NA,NA,NA,NA,NA,NA,NA,"USGS-WRD",2017-03-22 09:30:00
"101","USGS","01127000",2017-05-08,"10:45",NA,NA,"EDT","K","USGS-WRD","WS","10003LB00",NA,NA,NA,"5","9","3",NA,"50468",NA,80,NA,"BAC14","R",NA,NA,NA,NA,NA,NA,NA,NA,"USGS-WRD",2017-05-08 10:45:00
"102","USGS","01127000",2017-06-05,"09:45",NA,NA,"EDT","K","USGS-WRD","WS","10003LB00",NA,NA,NA,"8","9","3",NA,"50468",NA,20,NA,"BAC14","R",NA,NA,NA,NA,NA,NA,NA,NA,"USGS-WRD",2017-06-05 09:45:00
"103","USGS","01127000",2017-07-11,"09:45",NA,NA,"EDT","K","USGS-WRD","WS","10003LB00",NA,NA,NA,"8","9","3","L-1930076 Updated Time from 0845 per J. Mullaney 9/6/17","50468",NA,300,NA,"BAC14","R",NA,NA,NA,NA,NA,NA,NA,NA,"USGS-WRD",2017-07-11 09:45:00
"104","USGS","01127000",2017-08-14,"11:15",NA,NA,"EDT","K","USGS-WRD","WS","10003LB00",NA,NA,NA,"5","9","3","L-2270043 Updated Time from  1015 per J.Mullaney. JPC 8/24/17","50468",NA,41,NA,"BAC14","S",NA,NA,NA,NA,NA,NA,NA,NA,"USGS-WRD",2017-08-14 11:15:00
"105","USGS","01127000",2017-09-08,"10:15",NA,NA,"EDT","K","USGS-WRD","WS","10003LB00",NA,NA,NA,"9","9","3",NA,"50468",NA,16,NA,"BAC14","R",NA,NA,NA,NA,NA,NA,NA,NA,"USGS-WRD",2017-09-08 10:15:00
"106","USGS","01127000",2017-11-02,"14:00",NA,NA,"EDT","K","USGS-WRD","WS","10003LB00",NA,NA,NA,"8","9","3",NA,"50468",NA,220,NA,"BAC14","S",NA,NA,NA,NA,NA,NA,NA,NA,"USGS-WRD",2017-11-02 14:00:00
"107","USGS","01127000",2018-01-02,"12:45",NA,NA,"EST","K","USGS-WRD","WS","10003LB00",NA,NA,NA,"5","9","3",NA,"50468",NA,190,NA,"BAC14","S",NA,NA,NA,NA,NA,NA,NA,NA,"USGS-WRD",2018-01-02 12:45:00
"108","USGS","01127000",2018-03-21,"09:00",NA,NA,"EDT","K","USGS-WRD","WS","10003LB00",NA,NA,NA,"8","9","3",NA,"50468",NA,110,NA,"BAC14","S",NA,NA,NA,NA,NA,NA,NA,NA,"USGS-WRD",2018-03-21 09:00:00
"109","USGS","01127000",2018-05-14,"11:15",NA,NA,"EDT","K","USGS-WRD","WS","10003LB00",NA,NA,NA,"9","9","3",NA,"50468",NA,24,NA,"BAC14","S",NA,NA,NA,NA,NA,NA,NA,NA,"USGS-WRD",2018-05-14 11:15:00
"110","USGS","01127000",2018-06-21,"10:30",NA,NA,"EDT","K","USGS-WRD","WS","10003LB00",NA,NA,NA,"9","9","3",NA,"50468",NA,520,NA,"BAC14","S",NA,NA,NA,NA,NA,NA,NA,NA,"USGS-WRD",2018-06-21 10:30:00
"111","USGS","01127000",2018-07-18,"11:15",NA,NA,"EDT","K","USGS-WRD","WS","10003LB00",NA,NA,NA,"6","9","3",NA,"50468",NA,63,NA,"BAC14","S",NA,NA,NA,NA,NA,NA,NA,NA,"USGS-WRD",2018-07-18 11:15:00
"112","USGS","01127000",2018-08-02,"10:00",NA,NA,"EDT","K","USGS-WRD","WS","10003LB00",NA,NA,NA,"9","9","3","L-2210067 FED EX LATE DELIVERY  X=ok to login warm samples per Martin Chilled containers received warm at 11.8  Degrees C","50468",NA,10,NA,"BAC14","S",NA,NA,NA,NA,NA,NA,NA,NA,"USGS-WRD",2018-08-02 10:00:00
"113","USGS","01127000",2018-09-10,"10:00",NA,NA,"EDT","K","USGS-WRD","WS","10003LB00",NA,NA,NA,"X","9","3",NA,"50468",NA,230,NA,"BAC14","S",NA,NA,NA,NA,NA,NA,NA,NA,"USGS-WRD",2018-09-10 10:00:00
"114","USGS","01127000",2018-11-19,"12:00",NA,NA,"EST","K","USGS-WRD","WS","10003LB00",NA,NA,NA,"5","9","3",NA,"50468",NA,150,NA,"BAC14","S",NA,NA,NA,NA,NA,NA,NA,NA,"USGS-WRD",2018-11-19 12:00:00
"115","USGS","01184000",2017-01-11,"10:40",NA,NA,"EST","K","USGS-WRD","WS","10G1E0000",NA,NA,NA,"8","9","3","MM-50279A","50468",NA,130,NA,"BAC14","R",NA,NA,NA,NA,NA,NA,NA,NA,"USGS-WRD",2017-01-11 10:40:00
"116","USGS","01184000",2017-02-06,"08:45",NA,NA,"EST","K","USGS-WRD","WS","10003LB00",NA,NA,NA,"4","9","3",NA,"50468",NA,280,NA,"BAC14","R",NA,NA,NA,NA,NA,NA,NA,NA,"USGS-WRD",2017-02-06 08:45:00
"117","USGS","01184000",2017-03-08,"10:50",NA,NA,"EST","K","USGS-WRD","WS","10G1E0000",NA,NA,NA,"5","9","3","MM-50439A","50468",NA,150,NA,"BAC14","R",NA,NA,NA,NA,NA,NA,NA,NA,"USGS-WRD",2017-03-08 10:50:00
"118","USGS","01184000",2017-03-21,"10:00",NA,NA,"EST","K","USGS-WRD","WS","10003LB00",NA,NA,NA,"9","9","3",NA,"50468",NA,330,NA,"BAC14","R",NA,NA,NA,NA,NA,NA,NA,NA,"USGS-WRD",2017-03-21 10:00:00
"119","USGS","01184000",2017-04-05,"10:30",NA,NA,"EDT","K","USGS-WRD","WS","10003LB00",NA,NA,NA,"8","9","3",NA,"50468",NA,100,NA,"BAC14","R",NA,NA,NA,NA,NA,NA,NA,NA,"USGS-WRD",2017-04-05 10:30:00
"120","USGS","01184000",2017-04-18,"09:45",NA,NA,"EDT","K","USGS-WRD","WS","10003LB00",NA,NA,NA,"5","9","3",NA,"50468",NA,46,NA,"BAC14","R",NA,NA,NA,NA,NA,NA,NA,NA,"USGS-WRD",2017-04-18 09:45:00
"121","USGS","01184000",2017-05-10,"11:15",NA,NA,"EDT","K","USGS-WRD","WS","10003LB00",NA,NA,NA,"5","9","3",NA,"50468",NA,13,NA,"BAC14","R",NA,NA,NA,NA,NA,NA,NA,NA,"USGS-WRD",2017-05-10 11:15:00
"122","USGS","01184000",2017-05-23,"10:15",NA,NA,"EDT","K","USGS-WRD","WS","10003LB00",NA,NA,NA,"5","9","3",NA,"50468",NA,21,NA,"BAC14","R",NA,NA,NA,NA,NA,NA,NA,NA,"USGS-WRD",2017-05-23 10:15:00
"123","USGS","01184000",2017-06-12,"11:30",NA,NA,"EDT","K","USGS-WRD","WS","10003LB00",NA,NA,NA,"6","9","3",NA,"50468",NA,23,NA,"BAC14","R",NA,NA,NA,NA,NA,NA,NA,NA,"USGS-WRD",2017-06-12 11:30:00
"124","USGS","01184000",2017-07-12,"10:45",NA,NA,"EDT","K","USGS-WRD","WS","10003LB00",NA,NA,NA,"4","9","3","L-1940120 Updated Time from 0945 per J. Mullaney 9/6/17","50468",NA,22,NA,"BAC14","R",NA,NA,NA,NA,NA,NA,NA,NA,"USGS-WRD",2017-07-12 10:45:00
"125","USGS","01184000",2017-08-08,"09:45",NA,NA,"EDT","K","USGS-WRD","WS","10003LB00",NA,NA,NA,"8","9","3","L-2210108 Updated Time from  0845 per J.Mullaney. JPC 8/24/17","50468",NA,16,NA,"BAC14","R",NA,NA,NA,NA,NA,NA,NA,NA,"USGS-WRD",2017-08-08 09:45:00
"126","USGS","01184000",2017-09-07,"11:15",NA,NA,"EDT","K","USGS-WRD","WS","10003LB00",NA,NA,NA,"8","9","3",NA,"50468",NA,73,NA,"BAC14","R",NA,NA,NA,NA,NA,NA,NA,NA,"USGS-WRD",2017-09-07 11:15:00
"127","USGS","01184000",2017-10-18,"11:30",NA,NA,"EDT","K","USGS-WRD","WS","10003LB00",NA,NA,NA,"8","9","3",NA,"50468",NA,36,NA,"BAC14","S",NA,NA,NA,NA,NA,NA,NA,NA,"USGS-WRD",2017-10-18 11:30:00
"128","USGS","01184000",2017-12-12,"11:15",NA,NA,"EST","K","USGS-WRD","WS","10003LB00",NA,NA,NA,"9","9","3","L-3470148 X=sta ID on bottles is 01184000.  Changed station I.D. for this sample from 01209710 per Izbicki. 1/3/2018 mec","50468",NA,650,NA,"BAC14","S",NA,NA,NA,NA,NA,NA,NA,NA,"USGS-WRD",2017-12-12 11:15:00
"129","USGS","01184000",2018-02-14,"11:30",NA,NA,"EST","K","USGS-WRD","WS","10003LB00",NA,NA,NA,"5","9","3",NA,"50468",NA,370,NA,"BAC14","S",NA,NA,NA,NA,NA,NA,NA,NA,"USGS-WRD",2018-02-14 11:30:00
"130","USGS","01184000",2018-04-03,"09:45",NA,NA,"EDT","K","USGS-WRD","WS","10003LB00",NA,NA,NA,"6","9","3",NA,"50468",NA,15,NA,"BAC14","S",NA,NA,NA,NA,NA,NA,NA,NA,"USGS-WRD",2018-04-03 09:45:00
"131","USGS","01184000",2018-06-27,"10:00",NA,NA,"EDT","K","USGS-WRD","WS","10003LB00",NA,NA,NA,"5","9","3",NA,"50468",NA,28,NA,"BAC14","S",NA,NA,NA,NA,NA,NA,NA,NA,"USGS-WRD",2018-06-27 10:00:00
"132","USGS","01184000",2018-07-18,"09:15",NA,NA,"EDT","K","USGS-WRD","WS","10003LB00",NA,NA,NA,"5","9","3",NA,"50468",">",2400,NA,"BAC14","S",NA,NA,NA,NA,NA,NA,NA,NA,"USGS-WRD",2018-07-18 09:15:00
"133","USGS","01184000",2018-08-15,"10:00",NA,NA,"EDT","K","USGS-WRD","WS","10003LB00",NA,NA,NA,"8","9","3",NA,"50468",NA,150,NA,"BAC14","S",NA,NA,NA,NA,NA,NA,NA,NA,"USGS-WRD",2018-08-15 10:00:00
"134","USGS","01184000",2018-09-19,"09:45",NA,NA,"EDT","K","USGS-WRD","WS","10003LB00",NA,NA,NA,"5","9","3","L-2630049 TPN is not a correct container type. It's TPCN","50468",NA,2000,NA,"BAC14","S",NA,NA,NA,NA,NA,NA,NA,NA,"USGS-WRD",2018-09-19 09:45:00
"135","USGS","01184000",2018-10-03,"09:30",NA,NA,"EDT","K","USGS-WRD","WS","10003LB00",NA,NA,NA,"8","9","3",NA,"50468",NA,1700,NA,"BAC14","S",NA,NA,NA,NA,NA,NA,NA,NA,"USGS-WRD",2018-10-03 09:30:00
"136","USGS","01184490",2017-02-16,"09:15",NA,NA,"EST","K","USGS-WRD","WS","10003LB00",NA,NA,NA,"9","9","9","L-0480070 X=date on bottles is 2-16-17.  Changed sample date from 20170306 to 20170206 to match bottles. 2/21/2017 mec Updated date from 2017/02/06 per Desmarais.  KB 2/23/17","50468",NA,610,NA,"BAC14","R",NA,NA,NA,NA,NA,NA,NA,NA,"USGS-WRD",2017-02-16 09:15:00
"137","USGS","01184490",2017-04-03,"10:00",NA,NA,"EDT","K","USGS-WRD","WS","10003LB00",NA,NA,NA,"5","9","9",NA,"50468",NA,500,NA,"BAC14","R",NA,NA,NA,NA,NA,NA,NA,NA,"USGS-WRD",2017-04-03 10:00:00
"138","USGS","01184490",2017-06-08,"12:15",NA,NA,"EDT","K","USGS-WRD","WS","10003LB00",NA,NA,NA,"5","9","9",NA,"50468",NA,200,NA,"BAC14","R",NA,NA,NA,NA,NA,NA,NA,NA,"USGS-WRD",2017-06-08 12:15:00
"139","USGS","01184490",2017-07-12,"08:30",NA,NA,"EDT","K","USGS-WRD","WS","10003LB00",NA,NA,NA,"9","9","9","L-1940118 Updated Time from 0730 per J. Mullaney 9/6/17","50468",NA,52,NA,"BAC14","R",NA,NA,NA,NA,NA,NA,NA,NA,"USGS-WRD",2017-07-12 08:30:00
"140","USGS","01184490",2017-08-10,"08:15",NA,NA,"EDT","K","USGS-WRD","WS","10003LB00",NA,NA,NA,"9","7","9","L-2230135 TPCN was left out of the refrigerator and allowed to come to room temperature over the weekend. 8/16/2017 mec. Updated Time from  0715 per J.Mullaney. JPC 8/24/17","50468",NA,86,NA,"BAC14","R",NA,NA,NA,NA,NA,NA,NA,NA,"USGS-WRD",2017-08-10 08:15:00
"141","USGS","01184490",2017-09-28,"09:15",NA,NA,"EDT","K","USGS-WRD","WS","10003LB00",NA,NA,NA,"5","9","9",NA,"50468",NA,120,NA,"BAC14","R",NA,NA,NA,NA,NA,NA,NA,NA,"USGS-WRD",2017-09-28 09:15:00
"142","USGS","01184490",2017-12-07,"08:45",NA,NA,"EST","K","USGS-WRD","WS","10003LB00",NA,NA,NA,"5","9","9",NA,"50468",NA,1300,NA,"BAC14","R",NA,NA,NA,NA,NA,NA,NA,NA,"USGS-WRD",2017-12-07 08:45:00
"143","USGS","01184490",2018-02-01,"10:45",NA,NA,"EST","K","USGS-WRD","WS","10003LB00",NA,NA,NA,"9","9","9",NA,"50468",NA,93,NA,NA,"R",NA,NA,NA,NA,NA,NA,NA,NA,NA,2018-02-01 10:45:00
"144","USGS","01184490",2018-04-10,"09:15",NA,NA,"EDT","K","USGS-WRD","WS","10003LB00",NA,NA,NA,"9","9","9",NA,"50468",NA,49,NA,"BAC14","R",NA,NA,NA,NA,NA,NA,NA,NA,"USGS-WRD",2018-04-10 09:15:00
"145","USGS","01184490",2018-06-13,"09:15",NA,NA,"EDT","K","USGS-WRD","WS","10003LB00",NA,NA,NA,"4","9","9",NA,"50468",NA,190,NA,"BAC14","R",NA,NA,NA,NA,NA,NA,NA,NA,"USGS-WRD",2018-06-13 09:15:00
"146","USGS","01184490",2018-07-19,"08:45",NA,NA,"EDT","K","USGS-WRD","WS","10003LB00",NA,NA,NA,"5","9","9",NA,"50468",">",2400,NA,"BAC14","R",NA,NA,NA,NA,NA,NA,NA,NA,"USGS-WRD",2018-07-19 08:45:00
"147","USGS","01184490",2018-08-16,"09:00",NA,NA,"EDT","K","USGS-WRD","WS","10003LB00",NA,NA,NA,"9","7","9",NA,"50468",NA,420,NA,"BAC14","R",NA,NA,NA,NA,NA,NA,NA,NA,"USGS-WRD",2018-08-16 09:00:00
"148","USGS","01184490",2018-09-27,"09:15",NA,NA,"EDT","K","USGS-WRD","WS","10003LB00",NA,NA,NA,"6","9","9",NA,"50468",NA,8200,NA,"BAC14","R",NA,NA,NA,NA,NA,NA,NA,NA,"USGS-WRD",2018-09-27 09:15:00
"149","USGS","01184490",2018-10-09,"09:30",NA,NA,"EDT","K","USGS-WRD","WS","10003LB00",NA,NA,NA,"6","9","9",NA,"50468",NA,200,NA,"BAC14","S",NA,NA,NA,NA,NA,NA,NA,NA,"USGS-WRD",2018-10-09 09:30:00
"150","USGS","01184490",2018-12-04,"09:30",NA,NA,"EST","K","USGS-WRD","WS","10003LB00",NA,NA,NA,"5","9","9",NA,"50468",NA,440,NA,"BAC14","S",NA,NA,NA,NA,NA,NA,NA,NA,"USGS-WRD",2018-12-04 09:30:00
"151","USGS","01188000",2017-01-03,"11:45",NA,NA,"EST","K","USGS-WRD","WS","10003LB00",NA,NA,NA,"8","9","3",NA,"50468",NA,3,NA,"BAC14","R",NA,NA,NA,NA,NA,NA,NA,NA,"USGS-WRD",2017-01-03 11:45:00
"152","USGS","01188000",2017-04-17,"08:45",NA,NA,"EDT","K","USGS-WRD","WS","10003LB00",NA,NA,NA,"5","9","9",NA,"50468",NA,13,NA,"BAC14","R",NA,NA,NA,NA,NA,NA,NA,NA,"USGS-WRD",2017-04-17 08:45:00
"153","USGS","01188000",2017-07-25,"11:45",NA,NA,"EDT","K","USGS-WRD","WS","10003LB00",NA,NA,NA,"5","9","9","L-2070103 Updated Time from 1045 per J. Mullaney 9/6/17","50468",NA,980,NA,"BAC14","R",NA,NA,NA,NA,NA,NA,NA,NA,"USGS-WRD",2017-07-25 11:45:00
"154","USGS","01188000",2017-10-12,"08:45",NA,NA,"EDT","K","USGS-WRD","WS","10003LB00",NA,NA,NA,"4","9","9",NA,"50468",NA,93,NA,"BAC14","S",NA,NA,NA,NA,NA,NA,NA,NA,"USGS-WRD",2017-10-12 08:45:00
"155","USGS","01188000",2018-01-18,"10:45",NA,NA,"EST","K","USGS-WRD","WS","10003LB00",NA,NA,NA,"9","9","9",NA,"50468",NA,26,NA,"BAC14","S",NA,NA,NA,NA,NA,NA,NA,NA,"USGS-WRD",2018-01-18 10:45:00
"156","USGS","01188000",2018-04-12,"09:15",NA,NA,"EDT","K","USGS-WRD","WS","10003LB00",NA,NA,NA,"5","9","9",NA,"50468",NA,26,NA,"BAC14","S",NA,NA,NA,NA,NA,NA,NA,NA,"USGS-WRD",2018-04-12 09:15:00
"157","USGS","01188000",2018-07-16,"11:45",NA,NA,"EDT","K","USGS-WRD","WS","10003LB00",NA,NA,NA,"8","9","3",NA,"50468",NA,45,NA,"BAC14","S",NA,NA,NA,NA,NA,NA,NA,NA,"USGS-WRD",2018-07-16 11:45:00
"158","USGS","01188000",2018-10-02,"10:15",NA,NA,"EDT","K","USGS-WRD","WS","10003LB00",NA,NA,NA,"6","9","3",NA,"50468",NA,410,NA,"BAC14","S",NA,NA,NA,NA,NA,NA,NA,NA,"USGS-WRD",2018-10-02 10:15:00
"159","USGS","01188090",2017-01-03,"09:45",NA,NA,"EST","K","USGS-WRD","WS","10003LB00",NA,NA,NA,"8","9","3",NA,"50468",NA,49,NA,"BAC14","S",NA,NA,NA,NA,NA,NA,NA,NA,"USGS-WRD",2017-01-03 09:45:00
"160","USGS","01188090",2017-04-06,"08:15",NA,NA,"EDT","K","USGS-WRD","WS","10003LB00",NA,NA,NA,"5","9","3",NA,"50468",NA,40,NA,"BAC14","S",NA,NA,NA,NA,NA,NA,NA,NA,"USGS-WRD",2017-04-06 08:15:00
"161","USGS","01188090",2017-07-18,"09:45",NA,NA,"EDT","K","USGS-WRD","WS","10003LB00",NA,NA,NA,"9","9","3","L-2000182 Updated Time from 0845 per J. Mullaney 9/6/17","50468",NA,41,NA,"BAC14","S",NA,NA,NA,NA,NA,NA,NA,NA,"USGS-WRD",2017-07-18 09:45:00
"162","USGS","01188090",2017-10-19,"09:15",NA,NA,"EDT","K","USGS-WRD","WS","10003LB00",NA,NA,NA,"5","9","3",NA,"50468",NA,24,NA,"BAC14","S",NA,NA,NA,NA,NA,NA,NA,NA,"USGS-WRD",2017-10-19 09:15:00
"163","USGS","01188090",2018-01-18,"09:15",NA,NA,"EST","K","USGS-WRD","WS","10003LB00",NA,NA,NA,"9","9","3",NA,"50468",NA,130,NA,"BAC14","S",NA,NA,NA,NA,NA,NA,NA,NA,"USGS-WRD",2018-01-18 09:15:00
"164","USGS","01188090",2018-04-02,"09:00",NA,NA,"EDT","K","USGS-WRD","WS","10003LB00",NA,NA,NA,"4","9","3",NA,"50468",NA,10,NA,"BAC14","S",NA,NA,NA,NA,NA,NA,NA,NA,"USGS-WRD",2018-04-02 09:00:00
"165","USGS","01188090",2018-07-16,"09:15",NA,NA,"EDT","K","USGS-WRD","WS","10003LB00",NA,NA,NA,"9","9","3",NA,"50468",NA,51,NA,"BAC14","S",NA,NA,NA,NA,NA,NA,NA,NA,"USGS-WRD",2018-07-16 09:15:00
"166","USGS","01188090",2018-10-03,"10:15",NA,NA,"EDT","K","USGS-WRD","WS","10003LB00",NA,NA,NA,"6","9","3",NA,"50468",NA,1700,NA,"BAC14","S",NA,NA,NA,NA,NA,NA,NA,NA,"USGS-WRD",2018-10-03 10:15:00
"167","USGS","01189030",2017-02-02,"10:15",NA,NA,"EST","K","USGS-WRD","WS","10003LB00",NA,NA,NA,"9","9","9",NA,"50468",NA,1700,NA,"BAC14","R",NA,NA,NA,NA,NA,NA,NA,NA,"USGS-WRD",2017-02-02 10:15:00
"168","USGS","01189030",2017-04-17,"10:15",NA,NA,"EST","K","USGS-WRD","WS","10003LB00",NA,NA,NA,"9","9","9",NA,"50468",NA,120,NA,"BAC14","R",NA,NA,NA,NA,NA,NA,NA,NA,"USGS-WRD",2017-04-17 10:15:00
"169","USGS","01189030",2017-06-15,"07:45",NA,NA,"EST","K","USGS-WRD","WS","10003LB00",NA,NA,NA,"9","9","9",NA,"50468",NA,440,NA,"BAC14","R",NA,NA,NA,NA,NA,NA,NA,NA,"USGS-WRD",2017-06-15 07:45:00
"170","USGS","01189030",2017-07-25,"08:15",NA,NA,"EST","K","USGS-WRD","WS","10003LB00",NA,NA,NA,"6","9","9",NA,"50468",NA,2800,NA,"BAC14","R",NA,NA,NA,NA,NA,NA,NA,NA,"USGS-WRD",2017-07-25 08:15:00
"171","USGS","01189030",2017-08-24,"09:00",NA,NA,"EDT","K","USGS-WRD","WS","10003LB00",NA,NA,NA,"9","9","9",NA,"50468",NA,650,NA,"BAC14","R",NA,NA,NA,NA,NA,NA,NA,NA,"USGS-WRD",2017-08-24 09:00:00
"172","USGS","01189030",2017-09-21,"09:00",NA,NA,"EDT","K","USGS-WRD","WS","10003LB00",NA,NA,NA,"4","9","9",NA,"50468",NA,150,NA,"BAC14","R",NA,NA,NA,NA,NA,NA,NA,NA,"USGS-WRD",2017-09-21 09:00:00
"173","USGS","01189030",2017-10-12,"10:30",NA,NA,"EDT","K","USGS-WRD","WS","10003LB00",NA,NA,NA,"9","9","9",NA,"50468",NA,250,NA,"BAC14","R",NA,NA,NA,NA,NA,NA,NA,NA,"USGS-WRD",2017-10-12 10:30:00
"174","USGS","01189030",2017-12-13,"09:30",NA,NA,"EST","K","USGS-WRD","WS","10003LB00",NA,NA,NA,"9","9","9",NA,"50468",NA,2400,NA,"BAC14","R",NA,NA,NA,NA,NA,NA,NA,NA,"USGS-WRD",2017-12-13 09:30:00
"175","USGS","01189030",2018-02-05,"09:45",NA,NA,"EST","K","USGS-WRD","WS","10003LB00",NA,NA,NA,"6","9","3",NA,"50468",NA,1000,NA,"BAC14","R",NA,NA,NA,NA,NA,NA,NA,NA,"USGS-WRD",2018-02-05 09:45:00
"176","USGS","01189030",2018-04-12,"11:45",NA,NA,"EDT","K","USGS-WRD","WS","10003LB00",NA,NA,NA,"4","9","9",NA,"50468",NA,36,NA,"BAC14","R",NA,NA,NA,NA,NA,NA,NA,NA,"USGS-WRD",2018-04-12 11:45:00
"177","USGS","01189030",2018-06-26,"09:30",NA,NA,"EDT","K","USGS-WRD","WS","10003LB00",NA,NA,NA,"5","9","9",NA,"50468",NA,1400,NA,"BAC14","R",NA,NA,NA,NA,NA,NA,NA,NA,"USGS-WRD",2018-06-26 09:30:00
"178","USGS","01189030",2018-07-16,"09:30",NA,NA,"EDT","K","USGS-WRD","WS","10003LB00",NA,NA,NA,"9","9","9","L-1980202 Updated field alkalinity of 683 per Wood.  KB 7/26/18","50468",NA,720,NA,"BAC14","R",NA,NA,NA,NA,NA,NA,NA,NA,"USGS-WRD",2018-07-16 09:30:00
"179","USGS","01189030",2018-08-02,"09:15",NA,NA,"EDT","K","USGS-WRD","WS","10003LB00",NA,NA,NA,"9","9","9","L-2210066 FED EX LATE DELIVERY  X=ok to login warm samples per Martin Chilled containers received warm at 11.8  Degrees C","50468",NA,910,NA,"BAC14","R",NA,NA,NA,NA,NA,NA,NA,NA,"USGS-WRD",2018-08-02 09:15:00
"180","USGS","01189030",2018-09-13,"09:45",NA,NA,"EDT","K","USGS-WRD","WS","10003LB00",NA,NA,NA,"5","9","9",NA,"50468",NA,5200,NA,"BAC14","R",NA,NA,NA,NA,NA,NA,NA,NA,"USGS-WRD",2018-09-13 09:45:00
"181","USGS","01189030",2018-10-02,"14:00",NA,NA,"EDT","K","USGS-WRD","WS","10003LB00",NA,NA,NA,"6","9","9",NA,"50468",NA,1100,NA,"BAC14","S",NA,NA,NA,NA,NA,NA,NA,NA,"USGS-WRD",2018-10-02 14:00:00
"182","USGS","01189030",2018-12-06,"09:45",NA,NA,"EST","K","USGS-WRD","WS","10003LB00",NA,NA,NA,"6","9","9",NA,"50468",NA,520,NA,"BAC14","S",NA,NA,NA,NA,NA,NA,NA,NA,"USGS-WRD",2018-12-06 09:45:00
"183","USGS","01189995",2017-02-02,"13:00",NA,NA,"EST","K","USGS-WRD","WS","10003LB00",NA,NA,NA,"9","9","3",NA,"50468",NA,70,NA,"BAC14","R",NA,NA,NA,NA,NA,NA,NA,NA,"USGS-WRD",2017-02-02 13:00:00
"184","USGS","01189995",2017-04-06,"11:45",NA,NA,"EDT","K","USGS-WRD","WS","10003LB00",NA,NA,NA,"5","9","3",NA,"50468",NA,50,NA,"BAC14","R",NA,NA,NA,NA,NA,NA,NA,NA,"USGS-WRD",2017-04-06 11:45:00
"185","USGS","01189995",2017-06-15,"12:50",NA,NA,"EDT","K","USGS-WRD","WS","10003LB00",NA,NA,NA,"5","7","3",NA,"50468",NA,36,NA,"BAC14","R",NA,NA,NA,NA,NA,NA,NA,NA,"USGS-WRD",2017-06-15 12:50:00
"186","USGS","01189995",2017-07-18,"12:00",NA,NA,"EDT","K","USGS-WRD","WS","10003LB00",NA,NA,NA,"8","9","3","L-2000183 Updated Time from 1100 per J. Mullaney 9/6/17","50468",NA,66,NA,"BAC14","R",NA,NA,NA,NA,NA,NA,NA,NA,"USGS-WRD",2017-07-18 12:00:00
"187","USGS","01189995",2017-08-24,"13:00",NA,NA,"EDT","K","USGS-WRD","WS","10003LB00",NA,NA,NA,"5","9","3",NA,"50468",NA,110,NA,"BAC14","R",NA,NA,NA,NA,NA,NA,NA,NA,"USGS-WRD",2017-08-24 13:00:00
"188","USGS","01189995",2017-09-21,"14:45",NA,NA,"EDT","K","USGS-WRD","WS","10003LB00",NA,NA,NA,"9","9","3",NA,"50468",NA,28,NA,"BAC14","R",NA,NA,NA,NA,NA,NA,NA,NA,"USGS-WRD",2017-09-21 14:45:00
"189","USGS","01189995",2017-10-19,"12:15",NA,NA,"EDT","K","USGS-WRD","WS","10003LB00",NA,NA,NA,"4","9","3",NA,"50468",NA,23,NA,"BAC14","R",NA,NA,NA,NA,NA,NA,NA,NA,"USGS-WRD",2017-10-19 12:15:00
"190","USGS","01189995",2017-12-13,"14:15",NA,NA,"EST","K","USGS-WRD","WS","10003LB00",NA,NA,NA,"8","9","3",NA,"50468",NA,390,NA,"BAC14","R",NA,NA,NA,NA,NA,NA,NA,NA,"USGS-WRD",2017-12-13 14:15:00
"191","USGS","01189995",2018-02-05,"13:30",NA,NA,"EST","K","USGS-WRD","WS","10003LB00",NA,NA,NA,"9","9","3",NA,"50468",NA,820,NA,"BAC14","R",NA,NA,NA,NA,NA,NA,NA,NA,"USGS-WRD",2018-02-05 13:30:00
"192","USGS","01189995",2018-06-26,"12:45",NA,NA,"EDT","K","USGS-WRD","WS","10003LB00",NA,NA,NA,"5","9","3","L-1780148 TPN is not a bottle type","50468",NA,730,NA,"BAC14","R",NA,NA,NA,NA,NA,NA,NA,NA,"USGS-WRD",2018-06-26 12:45:00
"193","USGS","01189995",2018-07-16,"12:15",NA,NA,"EDT","K","USGS-WRD","WS","10003LB00",NA,NA,NA,"5","7","3","L-1980038 TPN is not a bottle type   Not all lab codes indicated as add or delete, LC's added, JNV","50468",NA,44,NA,"BAC14","R",NA,NA,NA,NA,NA,NA,NA,NA,"USGS-WRD",2018-07-16 12:15:00
"194","USGS","01189995",2018-08-02,"13:45",NA,NA,"EDT","K","USGS-WRD","WS","10003LB00",NA,NA,NA,"9","9","3","L-2210065 FED EX LATE DELIVERY  X=ok to login warm samples per Martin Chilled containers received warm at 11.8  Degrees C","50468",NA,150,NA,"BAC14","R",NA,NA,NA,NA,NA,NA,NA,NA,"USGS-WRD",2018-08-02 13:45:00
"195","USGS","01189995",2018-09-13,"13:15",NA,NA,"EDT","K","USGS-WRD","WS","10003LB00",NA,NA,NA,"8","9","3",NA,"50468",NA,2000,NA,"BAC14","R",NA,NA,NA,NA,NA,NA,NA,NA,"USGS-WRD",2018-09-13 13:15:00
"196","USGS","01189995",2018-10-03,"13:15",NA,NA,"EDT","K","USGS-WRD","WS","10003LB00",NA,NA,NA,"8","9","3",NA,"50468",NA,1600,NA,"BAC14","S",NA,NA,NA,NA,NA,NA,NA,NA,"USGS-WRD",2018-10-03 13:15:00
"197","USGS","01189995",2018-12-06,"15:00",NA,NA,"EST","K","USGS-WRD","WS","10003LB00",NA,NA,NA,"5","9","3",NA,"50468",NA,310,NA,"BAC14","S",NA,NA,NA,NA,NA,NA,NA,NA,"USGS-WRD",2018-12-06 15:00:00
"198","USGS","01192050",2017-02-13,"10:00",NA,NA,"EST","K","USGS-WRD","WS","10003LB00",NA,NA,NA,"9","9","9",NA,"50468",NA,79,NA,"BAC14","S",NA,NA,NA,NA,NA,NA,NA,NA,"USGS-WRD",2017-02-13 10:00:00
"199","USGS","01192050",2017-04-20,"08:00",NA,NA,"EST","K","USGS-WRD","WS","10003LB00",NA,NA,NA,"9","9","9",NA,"50468",NA,72,NA,"BAC14","S",NA,NA,NA,NA,NA,NA,NA,NA,"USGS-WRD",2017-04-20 08:00:00
"200","USGS","01192050",2017-06-06,"08:30",NA,NA,"EST","K","USGS-WRD","WS","10003LB00",NA,NA,NA,"8","9","9",NA,"50468",NA,340,NA,"BAC14","S",NA,NA,NA,NA,NA,NA,NA,NA,"USGS-WRD",2017-06-06 08:30:00
"201","USGS","01192050",2017-07-10,"07:45",NA,NA,"EST","K","USGS-WRD","WS","10003LB00",NA,NA,NA,"5","9","9","L-1930036 FED EX LATE DELIVERY","50468",NA,410,NA,"BAC14","S",NA,NA,NA,NA,NA,NA,NA,NA,"USGS-WRD",2017-07-10 07:45:00
"202","USGS","01192050",2017-08-09,"08:30",NA,NA,"EST","K","USGS-WRD","WS","10003LB00",NA,NA,NA,"9","9","9",NA,"50468",NA,110,NA,"BAC14","S",NA,NA,NA,NA,NA,NA,NA,NA,"USGS-WRD",2017-08-09 08:30:00
"203","USGS","01192050",2017-09-25,"15:15",NA,NA,"EDT","K","USGS-WRD","WS","10003LB00",NA,NA,NA,"4","9","9",NA,"50468",NA,170,NA,"BAC14","S",NA,NA,NA,NA,NA,NA,NA,NA,"USGS-WRD",2017-09-25 15:15:00
"204","USGS","01192050",2017-10-26,"09:30",NA,NA,"EDT","K","USGS-WRD","WS","10003LB00",NA,NA,NA,"8","9","9",NA,"50468",">",24000,NA,"BAC14","S",NA,NA,NA,NA,NA,NA,NA,NA,"USGS-WRD",2017-10-26 09:30:00
"205","USGS","01192050",2017-12-04,"09:15",NA,NA,"EST","K","USGS-WRD","WS","10003LB00",NA,NA,NA,"9","7","9",NA,"50468",NA,50,NA,"BAC14","S",NA,NA,NA,NA,NA,NA,NA,NA,"USGS-WRD",2017-12-04 09:15:00
"206","USGS","01192050",2018-02-08,"10:30",NA,NA,"EST","K","USGS-WRD","WS","10003LB00",NA,NA,NA,"9","9","9",NA,"50468",NA,98,NA,"BAC14","S",NA,NA,NA,NA,NA,NA,NA,NA,"USGS-WRD",2018-02-08 10:30:00
"207","USGS","01192050",2018-04-04,"09:15",NA,NA,"EDT","K","USGS-WRD","WS","10003LB00",NA,NA,NA,"8","9","9",NA,"50468",NA,52,NA,"BAC14","S",NA,NA,NA,NA,NA,NA,NA,NA,"USGS-WRD",2018-04-04 09:15:00
"208","USGS","01192050",2018-06-14,"12:45",NA,NA,"EDT","K","USGS-WRD","WS","10003LB00",NA,NA,NA,"4","9","9",NA,"50468",NA,120,NA,"BAC14","S",NA,NA,NA,NA,NA,NA,NA,NA,"USGS-WRD",2018-06-14 12:45:00
"209","USGS","01192050",2018-07-02,"11:45",NA,NA,"EDT","K","USGS-WRD","WS","10003LB00",NA,NA,NA,"9","9","9",NA,"50468",NA,250,NA,"BAC14","S",NA,NA,NA,NA,NA,NA,NA,NA,"USGS-WRD",2018-07-02 11:45:00
"210","USGS","01192050",2018-08-06,"08:15",NA,NA,"EDT","K","USGS-WRD","WS","10003LB00",NA,NA,NA,"9","9","9",NA,"50468",NA,360,NA,"BAC14","S",NA,NA,NA,NA,NA,NA,NA,NA,"USGS-WRD",2018-08-06 08:15:00
"211","USGS","01192050",2018-09-17,"09:00",NA,NA,"EDT","K","USGS-WRD","WS","10003LB00",NA,NA,NA,"9","9","9",NA,"50468",NA,160,NA,"BAC14","S",NA,NA,NA,NA,NA,NA,NA,NA,"USGS-WRD",2018-09-17 09:00:00
"212","USGS","01192050",2018-10-15,"12:30",NA,NA,"EDT","K","USGS-WRD","WS","10003LB00",NA,NA,NA,"5","9","9",NA,"50468",NA,200,NA,"BAC14","S",NA,NA,NA,NA,NA,NA,NA,NA,"USGS-WRD",2018-10-15 12:30:00
"213","USGS","01192050",2018-12-13,"09:15",NA,NA,"EST","K","USGS-WRD","WS","10003LB00",NA,NA,NA,"9","9","9",NA,"50468",NA,24,NA,"BAC14","S",NA,NA,NA,NA,NA,NA,NA,NA,"USGS-WRD",2018-12-13 09:15:00
"214","USGS","01192500",2017-02-13,"13:00",NA,NA,"EST","K","USGS-WRD","WS","10003LB00",NA,NA,NA,"9","9","3",NA,"50468",NA,100,NA,"BAC14","S",NA,NA,NA,NA,NA,NA,NA,NA,"USGS-WRD",2017-02-13 13:00:00
"215","USGS","01192500",2017-04-20,"11:00",NA,NA,"EDT","K","USGS-WRD","WS","10003LB00",NA,NA,NA,"9","9","3",NA,"50468",NA,150,NA,"BAC14","S",NA,NA,NA,NA,NA,NA,NA,NA,"USGS-WRD",2017-04-20 11:00:00
"216","USGS","01192500",2017-06-06,"13:00",NA,NA,"EDT","K","USGS-WRD","WS","10003LB00",NA,NA,NA,"8","7","3",NA,"50468",NA,770,NA,"BAC14","S",NA,NA,NA,NA,NA,NA,NA,NA,"USGS-WRD",2017-06-06 13:00:00
"217","USGS","01192500",2017-07-10,"11:00",NA,NA,"EDT","K","USGS-WRD","WS","10003LB00",NA,NA,NA,"8","9","3","L-1930035 FED EX LATE DELIVERY   X=sta id on bottles is 01192500. Updated Time from 1000 per J. Mullaney 9/6/17 . Updated SID from 01118500 per B. Izbicki. JPC 5/30/18","50468",NA,160,NA,"BAC14","S",NA,NA,NA,NA,NA,NA,NA,NA,"USGS-WRD",2017-07-10 11:00:00
"218","USGS","01192500",2017-08-09,"11:30",NA,NA,"EDT","K","USGS-WRD","WS","10003LB00",NA,NA,NA,"6","9","3","L-2220079 Updated Time from  1030 per J.Mullaney. JPC 8/24/17","50468",NA,180,NA,"BAC14","S",NA,NA,NA,NA,NA,NA,NA,NA,"USGS-WRD",2017-08-09 11:30:00
"219","USGS","01192500",2017-09-25,"12:30",NA,NA,"EDT","K","USGS-WRD","WS","10003LB00",NA,NA,NA,"8","9","3",NA,"50468",NA,200,NA,"BAC14","S",NA,NA,NA,NA,NA,NA,NA,NA,"USGS-WRD",2017-09-25 12:30:00
"220","USGS","01192500",2017-10-26,"12:15",NA,NA,"EDT","K","USGS-WRD","WS","10003LB00",NA,NA,NA,"8","9","3",NA,"50468",NA,5800,NA,"BAC14","S",NA,NA,NA,NA,NA,NA,NA,NA,"USGS-WRD",2017-10-26 12:15:00
"221","USGS","01192500",2017-12-04,"11:45",NA,NA,"EST","K","USGS-WRD","WS","10003LB00",NA,NA,NA,"9","9","3",NA,"50468",NA,390,NA,"BAC14","S",NA,NA,NA,NA,NA,NA,NA,NA,"USGS-WRD",2017-12-04 11:45:00
"222","USGS","01192500",2018-02-08,"14:15",NA,NA,"EST","K","USGS-WRD","WS","10003LB00",NA,NA,NA,"5","9","3",NA,"50468",NA,330,NA,"BAC14","S",NA,NA,NA,NA,NA,NA,NA,NA,"USGS-WRD",2018-02-08 14:15:00
"223","USGS","01192500",2018-04-04,"11:30",NA,NA,"EDT","K","USGS-WRD","WS","10003LB00",NA,NA,NA,"5","9","3",NA,"50468",NA,460,NA,"BAC14","S",NA,NA,NA,NA,NA,NA,NA,NA,"USGS-WRD",2018-04-04 11:30:00
"224","USGS","01192500",2018-06-14,"09:30",NA,NA,"EDT","K","USGS-WRD","WS","10003LB00",NA,NA,NA,"4","7","3",NA,"50468",NA,350,NA,"BAC14","S",NA,NA,NA,NA,NA,NA,NA,NA,"USGS-WRD",2018-06-14 09:30:00
"225","USGS","01192500",2018-07-02,"09:30",NA,NA,"EDT","K","USGS-WRD","WS","10003LB00",NA,NA,NA,"8","9","3",NA,"50468",NA,230,NA,"BAC14","S",NA,NA,NA,NA,NA,NA,NA,NA,"USGS-WRD",2018-07-02 09:30:00
"226","USGS","01192500",2018-08-06,"11:15",NA,NA,"EDT","K","USGS-WRD","WS","10003LB00",NA,NA,NA,"5","9","3",NA,"50468",NA,590,NA,"BAC14","S",NA,NA,NA,NA,NA,NA,NA,NA,"USGS-WRD",2018-08-06 11:15:00
"227","USGS","01192500",2018-09-17,"12:00",NA,NA,"EDT","K","USGS-WRD","WS","10003LB00",NA,NA,NA,"9","9","3","L-2610115 TPN is not a correct container type. It's TPCN","50468",NA,190,NA,"BAC14","S",NA,NA,NA,NA,NA,NA,NA,NA,"USGS-WRD",2018-09-17 12:00:00
"228","USGS","01192500",2018-10-15,"09:30",NA,NA,"EDT","K","USGS-WRD","WS","10003LB00",NA,NA,NA,"8","9","3",NA,"50468",NA,74,NA,"BAC14","S",NA,NA,NA,NA,NA,NA,NA,NA,"USGS-WRD",2018-10-15 09:30:00
"229","USGS","01192500",2018-12-13,"12:45",NA,NA,"EST","K","USGS-WRD","WS","10003LB00",NA,NA,NA,"6","9","3",NA,"50468",NA,410,NA,"BAC14","S",NA,NA,NA,NA,NA,NA,NA,NA,"USGS-WRD",2018-12-13 12:45:00
"230","USGS","01192704",2017-02-16,"11:30",NA,NA,"EST","K","USGS-WRD","WS","10003LB00",NA,NA,NA,"4","9","9",NA,"50468",NA,50,NA,"BAC14","S",NA,NA,NA,NA,NA,NA,NA,NA,"USGS-WRD",2017-02-16 11:30:00
"231","USGS","01192704",2017-04-03,"12:15",NA,NA,"EST","K","USGS-WRD","WS","10003LB00",NA,NA,NA,"5","9","9",NA,"50468",NA,120,NA,"BAC14","S",NA,NA,NA,NA,NA,NA,NA,NA,"USGS-WRD",2017-04-03 12:15:00
"232","USGS","01192704",2017-06-08,"08:30",NA,NA,"EST","K","USGS-WRD","WS","10003LB00",NA,NA,NA,"5","9","9",NA,"50468",NA,190,NA,"BAC14","S",NA,NA,NA,NA,NA,NA,NA,NA,"USGS-WRD",2017-06-08 08:30:00
"233","USGS","01192704",2017-07-12,"10:15",NA,NA,"EST","K","USGS-WRD","WS","10003LB00",NA,NA,NA,"5","9","9",NA,"50468",NA,390,NA,"BAC14","S",NA,NA,NA,NA,NA,NA,NA,NA,"USGS-WRD",2017-07-12 10:15:00
"234","USGS","01192704",2017-08-10,"09:45",NA,NA,"EST","K","USGS-WRD","WS","10003LB00",NA,NA,NA,"4","9","9",NA,"50468",NA,180,NA,"BAC14","S",NA,NA,NA,NA,NA,NA,NA,NA,"USGS-WRD",2017-08-10 09:45:00
"235","USGS","01192704",2017-09-28,"12:00",NA,NA,"EDT","K","USGS-WRD","WS","10003LB00",NA,NA,NA,"4","9","9",NA,"50468",NA,220,NA,"BAC14","S",NA,NA,NA,NA,NA,NA,NA,NA,"USGS-WRD",2017-09-28 12:00:00
"236","USGS","01192704",2017-10-31,"14:15",NA,NA,"EDT","K","USGS-WRD","WS","10003LB00",NA,NA,NA,"5","9","9",NA,"50468",NA,4900,NA,"BAC14","S",NA,NA,NA,NA,NA,NA,NA,NA,"USGS-WRD",2017-10-31 14:15:00
"237","USGS","01192704",2017-12-07,"12:45",NA,NA,"EST","K","USGS-WRD","WS","10003LB00",NA,NA,NA,"5","9","9",NA,"50468",NA,370,NA,"BAC14","S",NA,NA,NA,NA,NA,NA,NA,NA,"USGS-WRD",2017-12-07 12:45:00
"238","USGS","01192704",2018-04-10,"12:30",NA,NA,"EDT","K","USGS-WRD","WS","10003LB00",NA,NA,NA,"8","7","9",NA,"50468",NA,54,NA,"BAC14","S",NA,NA,NA,NA,NA,NA,NA,NA,"USGS-WRD",2018-04-10 12:30:00
"239","USGS","01192704",2018-06-13,"12:00",NA,NA,"EDT","K","USGS-WRD","WS","10003LB00",NA,NA,NA,"4","9","9",NA,"50468",NA,650,NA,"BAC14","S",NA,NA,NA,NA,NA,NA,NA,NA,"USGS-WRD",2018-06-13 12:00:00
"240","USGS","01192704",2018-07-19,"11:30",NA,NA,"EDT","K","USGS-WRD","WS","10003LB00",NA,NA,NA,"9","9","9",NA,"50468",NA,820,NA,"BAC14","S",NA,NA,NA,NA,NA,NA,NA,NA,"USGS-WRD",2018-07-19 11:30:00
"241","USGS","01192704",2018-08-16,"13:00",NA,NA,"EDT","K","USGS-WRD","WS","10003LB00",NA,NA,NA,"4","9","9",NA,"50468",NA,170,NA,"BAC14","S",NA,NA,NA,NA,NA,NA,NA,NA,"USGS-WRD",2018-08-16 13:00:00
"242","USGS","01192704",2018-09-27,"12:30",NA,NA,"EDT","K","USGS-WRD","WS","10003LB00",NA,NA,NA,"5","9","9",NA,"50468",NA,3700,NA,"BAC14","S",NA,NA,NA,NA,NA,NA,NA,NA,"USGS-WRD",2018-09-27 12:30:00
"243","USGS","01192704",2018-10-09,"12:30",NA,NA,"EDT","K","USGS-WRD","WS","10003LB00",NA,NA,NA,"6","9","9",NA,"50468",NA,150,NA,"BAC14","S",NA,NA,NA,NA,NA,NA,NA,NA,"USGS-WRD",2018-10-09 12:30:00
"244","USGS","01192704",2018-12-04,"13:00",NA,NA,"EST","K","USGS-WRD","WS","10003LB00",NA,NA,NA,"6","9","9",NA,"50468",NA,210,NA,"BAC14","S",NA,NA,NA,NA,NA,NA,NA,NA,"USGS-WRD",2018-12-04 13:00:00
"245","USGS","01193500",2017-01-03,"10:45",NA,NA,"EST","K","USGS-WRD","WS","10003LB00",NA,NA,NA,"8","9","3",NA,"50468",NA,41,NA,"BAC14","S",NA,NA,NA,NA,NA,NA,NA,NA,"USGS-WRD",2017-01-03 10:45:00
"246","USGS","01193500",2017-04-26,"09:30",NA,NA,"EDT","K","USGS-WRD","WS","10003LB00",NA,NA,NA,"8","7","9",NA,"50468",NA,190,NA,"BAC14","S",NA,NA,NA,NA,NA,NA,NA,NA,"USGS-WRD",2017-04-26 09:30:00
"247","USGS","01193500",2018-01-16,"09:30",NA,NA,"EST","K","USGS-WRD","WS","10003LB00",NA,NA,NA,"X","7","9",NA,"50468",NA,84,NA,"BAC14","S",NA,NA,NA,NA,NA,NA,NA,NA,"USGS-WRD",2018-01-16 09:30:00
"248","USGS","01193500",2018-02-14,"10:30",NA,NA,"EST","K","USGS-WRD","WS","10003LB00",NA,NA,NA,"5","9","9",NA,"50468",NA,17,NA,"BAC14","S",NA,NA,NA,NA,NA,NA,NA,NA,"USGS-WRD",2018-02-14 10:30:00
"249","USGS","01193500",2018-04-16,"09:15",NA,NA,"EDT","K","USGS-WRD","WS","10003LB00",NA,NA,NA,"8","9","9",NA,"50468",NA,44,NA,"BAC14","S",NA,NA,NA,NA,NA,NA,NA,NA,"USGS-WRD",2018-04-16 09:15:00
"250","USGS","01193500",2018-07-19,"10:15",NA,NA,"EDT","K","USGS-WRD","WS","10003LB00",NA,NA,NA,"5","9","9","L-2010063 TPN is not the correct bottle/container type. It's TPCN","50468",NA,200,NA,"BAC14","S",NA,NA,NA,NA,NA,NA,NA,NA,"USGS-WRD",2018-07-19 10:15:00
"251","USGS","01193500",2018-10-10,"13:45",NA,NA,"EDT","K","USGS-WRD","WS","10003LB00",NA,NA,NA,"6","9","9","L-2840098 Lab codes not indicated as add or delete, LC's added, JNV","50468",NA,71,NA,"BAC14","S",NA,NA,NA,NA,NA,NA,NA,NA,"USGS-WRD",2018-10-10 13:45:00
"252","USGS","01196500",2017-02-08,"09:15",NA,NA,"EST","K","USGS-WRD","WS","10003LB00",NA,NA,NA,"9","9","3",NA,"50468",NA,43,NA,"BAC14","S",NA,NA,NA,NA,NA,NA,NA,NA,"USGS-WRD",2017-02-08 09:15:00
"253","USGS","01196500",2017-04-25,"09:45",NA,NA,"EDT","K","USGS-WRD","WS","10003LB00",NA,NA,NA,"8","9","3",NA,"50468",NA,81,NA,"BAC14","S",NA,NA,NA,NA,NA,NA,NA,NA,"USGS-WRD",2017-04-25 09:45:00
"254","USGS","01196500",2017-06-20,"09:30",NA,NA,"EDT","K","USGS-WRD","WS","10003LB00",NA,NA,NA,"8","9","3","L-1730036 Updated Time from 0830 per J. Mullaney 9/6/17","50468",NA,1600,NA,"BAC14","S",NA,NA,NA,NA,NA,NA,NA,NA,"USGS-WRD",2017-06-20 09:30:00
"255","USGS","01196500",2017-07-06,"08:45",NA,NA,"EDT","K","USGS-WRD","WS","10003LB00",NA,NA,NA,"5","9","3",NA,"50468",NA,220,NA,"BAC14","S",NA,NA,NA,NA,NA,NA,NA,NA,"USGS-WRD",2017-07-06 08:45:00
"256","USGS","01196500",2017-08-03,"10:00",NA,NA,"EDT","K","USGS-WRD","WS","10003LB00",NA,NA,NA,"5","9","3","L-2160055 Updated Time from  0900 per J.Mullaney. JPC 8/24/17","50468",NA,7300,NA,"BAC14","S",NA,NA,NA,NA,NA,NA,NA,NA,"USGS-WRD",2017-08-03 10:00:00
"257","USGS","01196500",2017-09-19,"09:30",NA,NA,"EDT","K","USGS-WRD","WS","10003LB00",NA,NA,NA,"5","9","3",NA,"50468",NA,97,NA,"BAC14","S",NA,NA,NA,NA,NA,NA,NA,NA,"USGS-WRD",2017-09-19 09:30:00
"258","USGS","01196500",2017-10-16,"09:15",NA,NA,"EDT","K","USGS-WRD","WS","10003LB00",NA,NA,NA,"5","9","3",NA,"50468",NA,200,NA,"BAC14","S",NA,NA,NA,NA,NA,NA,NA,NA,"USGS-WRD",2017-10-16 09:15:00
"259","USGS","01196500",2017-12-14,"12:15",NA,NA,"EST","K","USGS-WRD","WS","10003LB00",NA,NA,NA,"5","9","3",NA,"50468",NA,560,NA,"BAC14","S",NA,NA,NA,NA,NA,NA,NA,NA,"USGS-WRD",2017-12-14 12:15:00
"260","USGS","01196500",2018-02-12,"10:15",NA,NA,"EST","K","USGS-WRD","WS","10003LB00",NA,NA,NA,"6","9","3",NA,"50468",NA,4100,NA,"BAC14","S",NA,NA,NA,NA,NA,NA,NA,NA,"USGS-WRD",2018-02-12 10:15:00
"261","USGS","01196500",2018-04-26,"10:15",NA,NA,"EDT","K","USGS-WRD","WS","10003LB00",NA,NA,NA,"6","9","3",NA,"50468",NA,240,NA,"BAC14","S",NA,NA,NA,NA,NA,NA,NA,NA,"USGS-WRD",2018-04-26 10:15:00
"262","USGS","01196500",2018-06-21,"10:30",NA,NA,"EDT","K","USGS-WRD","WS","10003LB00",NA,NA,NA,"9","9","3",NA,"50468",NA,230,NA,"BAC14","S",NA,NA,NA,NA,NA,NA,NA,NA,"USGS-WRD",2018-06-21 10:30:00
"263","USGS","01196500",2018-07-23,"09:30",NA,NA,"EDT","K","USGS-WRD","WS","10003LB00",NA,NA,NA,"5","9","3",NA,"50468",NA,800,NA,"BAC14","S",NA,NA,NA,NA,NA,NA,NA,NA,"USGS-WRD",2018-07-23 09:30:00
"264","USGS","01196500",2018-08-09,"12:15",NA,NA,"EDT","K","USGS-WRD","WS","10003LB00",NA,NA,NA,"5","9","3","L-2220078 TPN is not a correct bottle type","50468",NA,510,NA,"BAC14","S",NA,NA,NA,NA,NA,NA,NA,NA,"USGS-WRD",2018-08-09 12:15:00
"265","USGS","01196500",2018-09-26,"09:00",NA,NA,"EDT","K","USGS-WRD","WS","10003LB00",NA,NA,NA,"5","9","3",NA,"50468",NA,17000,NA,"BAC14","S",NA,NA,NA,NA,NA,NA,NA,NA,"USGS-WRD",2018-09-26 09:00:00
"266","USGS","01196500",2018-10-23,"09:45",NA,NA,"EDT","K","USGS-WRD","WS","10003LB00",NA,NA,NA,"5","9","3",NA,"50468",NA,37,NA,"BAC14","S",NA,NA,NA,NA,NA,NA,NA,NA,"USGS-WRD",2018-10-23 09:45:00
"267","USGS","01196500",2018-12-06,"10:45",NA,NA,"EST","K","USGS-WRD","WS","10003LB00",NA,NA,NA,"5","9","3",NA,"50468",NA,460,NA,"BAC14","S",NA,NA,NA,NA,NA,NA,NA,NA,"USGS-WRD",2018-12-06 10:45:00
"268","USGS","01200600",2017-01-12,"15:30",NA,NA,"EST","K","USGS-WRD","WS","10003LB00",NA,NA,NA,"8","9","3",NA,"50468",NA,180,NA,"BAC14","S",NA,NA,NA,NA,NA,NA,NA,NA,"USGS-WRD",2017-01-12 15:30:00
"269","USGS","01200600",2017-05-15,"14:30",NA,NA,"EST","K","USGS-WRD","WS","10003LB00",NA,NA,NA,"8","9","3",NA,"50468",NA,690,NA,"BAC14","S",NA,NA,NA,NA,NA,NA,NA,NA,"USGS-WRD",2017-05-15 14:30:00
"270","USGS","01200600",2017-07-26,"12:15",NA,NA,"EST","K","USGS-WRD","WS","10003LB00",NA,NA,NA,"6","9","3","L-2140209 FED EX LATE DELIVERY   X=ok to log in warm per jwmartin Chilled containers received warm at 10.4  Degrees C","50468",NA,79,NA,"BAC14","S",NA,NA,NA,NA,NA,NA,NA,NA,"USGS-WRD",2017-07-26 12:15:00
"271","USGS","01200600",2017-08-21,"12:45",NA,NA,"EDT","K","USGS-WRD","WS","10003LB00",NA,NA,NA,"5","7","3",NA,"50468",NA,25,NA,"BAC14","S",NA,NA,NA,NA,NA,NA,NA,NA,"USGS-WRD",2017-08-21 12:45:00
"272","USGS","01200600",2017-11-15,"14:30",NA,NA,"EST","K","USGS-WRD","WS","10003LB00",NA,NA,NA,"4","9","3",NA,"50468",NA,91,NA,"BAC14","S",NA,NA,NA,NA,NA,NA,NA,NA,"USGS-WRD",2017-11-15 14:30:00
"273","USGS","01200600",2018-01-24,"16:15",NA,NA,"EST","K","USGS-WRD","WS","10003LB00",NA,NA,NA,"X","9","3",NA,"50468",NA,730,NA,"BAC14","S",NA,NA,NA,NA,NA,NA,NA,NA,"USGS-WRD",2018-01-24 16:15:00
"274","USGS","01200600",2018-05-24,"13:45",NA,NA,"EDT","K","USGS-WRD","WS","10003LB00",NA,NA,NA,"9","9","3",NA,"50468",NA,24,NA,"BAC14","S",NA,NA,NA,NA,NA,NA,NA,NA,"USGS-WRD",2018-05-24 13:45:00
"275","USGS","01200600",2018-07-05,"14:45",NA,NA,"EDT","K","USGS-WRD","WS","10003LB00",NA,NA,NA,"8","9","3",NA,"50468",NA,8,NA,"BAC14","S",NA,NA,NA,NA,NA,NA,NA,NA,"USGS-WRD",2018-07-05 14:45:00
"276","USGS","01200600",2018-11-26,"14:30",NA,NA,"EST","K","USGS-WRD","WS","10003LB00",NA,NA,NA,"X","9","3",NA,"50468",NA,220,NA,"BAC14","S",NA,NA,NA,NA,NA,NA,NA,NA,"USGS-WRD",2018-11-26 14:30:00
"277","USGS","01201487",2017-01-12,"11:45",NA,NA,"EST","K","USGS-WRD","WS","10003LB00",NA,NA,NA,"5","9","3",NA,"50468",NA,1300,NA,"BAC14","S",NA,NA,NA,NA,NA,NA,NA,NA,"USGS-WRD",2017-01-12 11:45:00
"278","USGS","01201487",2017-03-22,"12:00",NA,NA,"EST","K","USGS-WRD","WS","10003LB00",NA,NA,NA,"5","9","9",NA,"50468",NA,380,NA,"BAC14","S",NA,NA,NA,NA,NA,NA,NA,NA,"USGS-WRD",2017-03-22 12:00:00
"279","USGS","01201487",2017-05-17,"13:30",NA,NA,"EDT","K","USGS-WRD","WS","10003LB00",NA,NA,NA,"5","9","9","L-1380114 X=sample sta id =01205500","50468",NA,10,NA,"BAC14","S",NA,NA,NA,NA,NA,NA,NA,NA,"USGS-WRD",2017-05-17 13:30:00
"280","USGS","01201487",2017-06-26,"12:30",NA,NA,"EDT","K","USGS-WRD","WS","10003LB00",NA,NA,NA,"5","9","9","L-1790135 Updated Time from 1130 per J. Mullaney 9/6/17","50468",NA,230,NA,"BAC14","S",NA,NA,NA,NA,NA,NA,NA,NA,"USGS-WRD",2017-06-26 12:30:00
"281","USGS","01201487",2017-07-17,"11:15",NA,NA,"EDT","K","USGS-WRD","WS","10003LB00",NA,NA,NA,"8","9","9","L-1990086 Updated Time from 1015 per J. Mullaney 9/6/17","50468",NA,290,NA,"BAC14","S",NA,NA,NA,NA,NA,NA,NA,NA,"USGS-WRD",2017-07-17 11:15:00
"282","USGS","01201487",2017-08-28,"10:30",NA,NA,"EDT","K","USGS-WRD","WS","10003LB00",NA,NA,NA,"5","9","9",NA,"50468",NA,24,NA,"BAC14","S",NA,NA,NA,NA,NA,NA,NA,NA,"USGS-WRD",2017-08-28 10:30:00
"283","USGS","01201487",2017-09-11,"11:00",NA,NA,"EDT","K","USGS-WRD","WS","10003LB00",NA,NA,NA,"5","9","9",NA,"50468",NA,210,NA,"BAC14","S",NA,NA,NA,NA,NA,NA,NA,NA,"USGS-WRD",2017-09-11 11:00:00
"284","USGS","01201487",2017-11-06,"12:45",NA,NA,"EST","K","USGS-WRD","WS","10003LB00",NA,NA,NA,"9","9","9",NA,"50468",NA,450,NA,"BAC14","S",NA,NA,NA,NA,NA,NA,NA,NA,"USGS-WRD",2017-11-06 12:45:00
"285","USGS","01201487",2018-01-08,"11:30",NA,NA,"EST","K","USGS-WRD","WS","10003LB00",NA,NA,NA,"9","9","3",NA,"50468",NA,2100,NA,"BAC14","S",NA,NA,NA,NA,NA,NA,NA,NA,"USGS-WRD",2018-01-08 11:30:00
"286","USGS","01201487",2018-05-03,"10:30",NA,NA,"EDT","K","USGS-WRD","WS","10003LB00",NA,NA,NA,"9","9","3",NA,"50468",NA,690,NA,"BAC14","S",NA,NA,NA,NA,NA,NA,NA,NA,"USGS-WRD",2018-05-03 10:30:00
"287","USGS","01201487",2018-06-28,"12:15",NA,NA,"EDT","K","USGS-WRD","WS","10003LB00",NA,NA,NA,"8","9","9",NA,"50468",NA,12000,NA,"BAC14","S",NA,NA,NA,NA,NA,NA,NA,NA,"USGS-WRD",2018-06-28 12:15:00
"288","USGS","01201487",2018-07-26,"12:15",NA,NA,"EDT","K","USGS-WRD","WS","10003LB00",NA,NA,NA,"5","9","9",NA,"50468",NA,1300,NA,"BAC14","S",NA,NA,NA,NA,NA,NA,NA,NA,"USGS-WRD",2018-07-26 12:15:00
"289","USGS","01201487",2018-08-23,"12:30",NA,NA,"EDT","K","USGS-WRD","WS","10003LB00",NA,NA,NA,"5","9","9",NA,"50468",NA,230,NA,"BAC14","S",NA,NA,NA,NA,NA,NA,NA,NA,"USGS-WRD",2018-08-23 12:30:00
"290","USGS","01201487",2018-09-18,"12:45",NA,NA,"EDT","K","USGS-WRD","WS","10003LB00",NA,NA,NA,"8","9","9",NA,"50468",NA,4100,NA,"BAC14","S",NA,NA,NA,NA,NA,NA,NA,NA,"USGS-WRD",2018-09-18 12:45:00
"291","USGS","01201487",2018-11-01,"10:45",NA,NA,"EDT","K","USGS-WRD","WS","10003LB00",NA,NA,NA,"9","9","9",NA,"50468",NA,290,NA,"BAC14","S",NA,NA,NA,NA,NA,NA,NA,NA,"USGS-WRD",2018-11-01 10:45:00
"292","USGS","01203000",2017-01-12,"10:00",NA,NA,"EST","K","USGS-WRD","WS","10003LB00",NA,NA,NA,"9","9","9",NA,"50468",NA,220,NA,"BAC14","S",NA,NA,NA,NA,NA,NA,NA,NA,"USGS-WRD",2017-01-12 10:00:00
"293","USGS","01203000",2017-03-22,"09:15",NA,NA,"EST","K","USGS-WRD","WS","10003LB00",NA,NA,NA,"X","9","9",NA,"50468",NA,140,NA,"BAC14","S",NA,NA,NA,NA,NA,NA,NA,NA,"USGS-WRD",2017-03-22 09:15:00
"294","USGS","01203000",2017-05-17,"10:30",NA,NA,"EDT","K","USGS-WRD","WS","10003LB00",NA,NA,NA,"5","9","9",NA,"50468",NA,47,NA,"BAC14","S",NA,NA,NA,NA,NA,NA,NA,NA,"USGS-WRD",2017-05-17 10:30:00
"295","USGS","01203000",2017-06-26,"14:30",NA,NA,"EDT","K","USGS-WRD","WS","10003LB00",NA,NA,NA,"4","9","9","L-1790136 X=sample time =1330. Changed Time from 0130 to 1330 per G. Holzer. JPC 8/9/17. Updated Time from 1330 per J. Mullaney 9/6/17","50468",NA,13,NA,"BAC14","S",NA,NA,NA,NA,NA,NA,NA,NA,"USGS-WRD",2017-06-26 14:30:00
"296","USGS","01203000",2017-07-17,"09:30",NA,NA,"EDT","K","USGS-WRD","WS","10003LB00",NA,NA,NA,"4","9","9","L-1990085 Updated Time from 0830 per J. Mullaney 9/6/17","50468",NA,91,NA,"BAC14","S",NA,NA,NA,NA,NA,NA,NA,NA,"USGS-WRD",2017-07-17 09:30:00
"297","USGS","01203000",2017-08-28,"12:15",NA,NA,"EDT","K","USGS-WRD","WS","10003LB00",NA,NA,NA,"X","9","9",NA,"50468",NA,13,NA,"BAC14","S",NA,NA,NA,NA,NA,NA,NA,NA,"USGS-WRD",2017-08-28 12:15:00
"298","USGS","01203000",2017-09-11,"09:15",NA,NA,"EDT","K","USGS-WRD","WS","10003LB00",NA,NA,NA,"4","9","9",NA,"50468",NA,66,NA,"BAC14","S",NA,NA,NA,NA,NA,NA,NA,NA,"USGS-WRD",2017-09-11 09:15:00
"299","USGS","01203000",2017-11-06,"10:15",NA,NA,"EST","K","USGS-WRD","WS","10003LB00",NA,NA,NA,"9","9","9",NA,"50468",NA,84,NA,"BAC14","S",NA,NA,NA,NA,NA,NA,NA,NA,"USGS-WRD",2017-11-06 10:15:00
"300","USGS","01203000",2018-01-08,"09:30",NA,NA,"EST","K","USGS-WRD","WS","10003LB00",NA,NA,NA,"9","9","9",NA,"50468",NA,10,NA,"BAC14","S",NA,NA,NA,NA,NA,NA,NA,NA,"USGS-WRD",2018-01-08 09:30:00
"301","USGS","01203000",2018-05-17,"09:15",NA,NA,"EDT","K","USGS-WRD","WS","10003LB00",NA,NA,NA,"9","9","9",NA,"50468",NA,770,NA,"BAC14","S",NA,NA,NA,NA,NA,NA,NA,NA,"USGS-WRD",2018-05-17 09:15:00
"302","USGS","01203000",2018-06-28,"09:30",NA,NA,"EDT","K","USGS-WRD","WS","10003LB00",NA,NA,NA,"8","9","9",NA,"50468",">",2400,NA,"BAC14","S",NA,NA,NA,NA,NA,NA,NA,NA,"USGS-WRD",2018-06-28 09:30:00
"303","USGS","01203000",2018-07-26,"09:30",NA,NA,"EDT","K","USGS-WRD","WS","10003LB00",NA,NA,NA,"5","9","9",NA,"50468",NA,650,NA,"BAC14","S",NA,NA,NA,NA,NA,NA,NA,NA,"USGS-WRD",2018-07-26 09:30:00
"304","USGS","01203000",2018-08-23,"10:15",NA,NA,"EDT","K","USGS-WRD","WS","10003LB00",NA,NA,NA,"9","9","9",NA,"50468",NA,21,NA,"BAC14","S",NA,NA,NA,NA,NA,NA,NA,NA,"USGS-WRD",2018-08-23 10:15:00
"305","USGS","01203000",2018-09-18,"09:45",NA,NA,"EDT","K","USGS-WRD","WS","10003LB00",NA,NA,NA,"X","9","9",NA,"50468",NA,290,NA,"BAC14","S",NA,NA,NA,NA,NA,NA,NA,NA,"USGS-WRD",2018-09-18 09:45:00
"306","USGS","01203000",2018-11-01,"09:00",NA,NA,"EDT","K","USGS-WRD","WS","10003LB00",NA,NA,NA,"4","9","9",NA,"50468",NA,60,NA,"BAC14","S",NA,NA,NA,NA,NA,NA,NA,NA,"USGS-WRD",2018-11-01 09:00:00
"307","USGS","01205500",2017-01-12,"13:45",NA,NA,"EST","K","USGS-WRD","WS","10003LB00",NA,NA,NA,"9","9","3",NA,"50468",NA,5,NA,"BAC14","S",NA,NA,NA,NA,NA,NA,NA,NA,"USGS-WRD",2017-01-12 13:45:00
"308","USGS","01205500",2017-05-17,"15:45",NA,NA,"EDT","K","USGS-WRD","WS","10003LB00",NA,NA,NA,"6","9","3",NA,"50468",NA,5,NA,"BAC14","S",NA,NA,NA,NA,NA,NA,NA,NA,"USGS-WRD",2017-05-17 15:45:00
"309","USGS","01205500",2017-07-17,"13:45",NA,NA,"EDT","K","USGS-WRD","WS","10003LB00",NA,NA,NA,"8","9","3","L-1990087 Updated Time from 1245 per J. Mullaney 9/6/17","50468",NA,15,NA,"BAC14","S",NA,NA,NA,NA,NA,NA,NA,NA,"USGS-WRD",2017-07-17 13:45:00
"310","USGS","01205500",2017-11-06,"14:30",NA,NA,"EST","K","USGS-WRD","WS","10003LB00",NA,NA,NA,"6","9","3",NA,"50468",NA,26,NA,"BAC14","S",NA,NA,NA,NA,NA,NA,NA,NA,"USGS-WRD",2017-11-06 14:30:00
"311","USGS","01205500",2018-01-08,"13:30",NA,NA,"EST","K","USGS-WRD","WS","10003LB00",NA,NA,NA,"9","9","3",NA,"50468",NA,1,NA,"BAC14","S",NA,NA,NA,NA,NA,NA,NA,NA,"USGS-WRD",2018-01-08 13:30:00
"312","USGS","01205500",2018-05-17,"12:00",NA,NA,"EDT","K","USGS-WRD","WS","10003LB00",NA,NA,NA,"9","9","3",NA,"50468",NA,38,NA,"BAC14","S",NA,NA,NA,NA,NA,NA,NA,NA,"USGS-WRD",2018-05-17 12:00:00
"313","USGS","01205500",2018-07-26,"14:45",NA,NA,"EDT","K","USGS-WRD","WS","10003LB00",NA,NA,NA,"6","9","3",NA,"50468",NA,58,NA,"BAC14","S",NA,NA,NA,NA,NA,NA,NA,NA,"USGS-WRD",2018-07-26 14:45:00
"314","USGS","01205500",2018-11-01,"13:00",NA,NA,"EDT","K","USGS-WRD","WS","10003LB00",NA,NA,NA,"6","9","3",NA,"50468",NA,7,NA,"BAC14","S",NA,NA,NA,NA,NA,NA,NA,NA,"USGS-WRD",2018-11-01 13:00:00
"315","USGS","01208049",2017-01-09,"09:30",NA,NA,"EST","K","USGS-WRD","WS","10003LB00",NA,NA,NA,"4","9","9",NA,"50468",NA,150,NA,"BAC14","S",NA,NA,NA,NA,NA,NA,NA,NA,"USGS-WRD",2017-01-09 09:30:00
"316","USGS","01208049",2017-03-09,"09:00",NA,NA,"EST","K","USGS-WRD","WS","10003LB00",NA,NA,NA,"4","9","9",NA,"50468",NA,44,NA,"BAC14","S",NA,NA,NA,NA,NA,NA,NA,NA,"USGS-WRD",2017-03-09 09:00:00
"317","USGS","01208049",2017-05-22,"09:15",NA,NA,"EST","K","USGS-WRD","WS","10003LB00",NA,NA,NA,"4","9","9",NA,"50468",NA,36,NA,"BAC14","S",NA,NA,NA,NA,NA,NA,NA,NA,"USGS-WRD",2017-05-22 09:15:00
"318","USGS","01208049",2017-06-19,"08:45",NA,NA,"EST","K","USGS-WRD","WS","10003LB00",NA,NA,NA,"4","9","9",NA,"50468",NA,20,NA,"BAC14","S",NA,NA,NA,NA,NA,NA,NA,NA,"USGS-WRD",2017-06-19 08:45:00
"319","USGS","01208049",2017-07-20,"08:15",NA,NA,"EST","K","USGS-WRD","WS","10003LB00",NA,NA,NA,"4","9","9",NA,"50468","<",10,NA,"BAC14","S",NA,NA,NA,NA,NA,NA,NA,NA,"USGS-WRD",2017-07-20 08:15:00
"320","USGS","01208049",2017-08-01,"08:30",NA,NA,"EST","K","USGS-WRD","WS","10003LB00",NA,NA,NA,"X","9","9",NA,"50468",NA,41,NA,"BAC14","S",NA,NA,NA,NA,NA,NA,NA,NA,"USGS-WRD",2017-08-01 08:30:00
"321","USGS","01208049",2017-09-14,"09:15",NA,NA,"EDT","K","USGS-WRD","WS","10003LB00",NA,NA,NA,"4","9","9",NA,"50468",NA,24,NA,"BAC14","S",NA,NA,NA,NA,NA,NA,NA,NA,"USGS-WRD",2017-09-14 09:15:00
"322","USGS","01208049",2017-11-14,"09:45",NA,NA,"EST","K","USGS-WRD","WS","10003LB00",NA,NA,NA,"9","9","9",NA,"50468",NA,520,NA,"BAC14","S",NA,NA,NA,NA,NA,NA,NA,NA,"USGS-WRD",2017-11-14 09:45:00
"323","USGS","01208049",2018-01-11,"09:30",NA,NA,"EST","K","USGS-WRD","WS","10003LB00",NA,NA,NA,"4","9","9",NA,"50468",NA,130,NA,"BAC14","S",NA,NA,NA,NA,NA,NA,NA,NA,"USGS-WRD",2018-01-11 09:30:00
"324","USGS","01208049",2018-03-27,"09:45",NA,NA,"EDT","K","USGS-WRD","WS","10003LB00",NA,NA,NA,"9","9","9",NA,"50468",NA,63,NA,"BAC14","S",NA,NA,NA,NA,NA,NA,NA,NA,"USGS-WRD",2018-03-27 09:45:00
"325","USGS","01208049",2018-05-10,"10:00",NA,NA,"EDT","K","USGS-WRD","WS","10003LB00",NA,NA,NA,"9","9","9",NA,"50468",NA,20,NA,"BAC14","S",NA,NA,NA,NA,NA,NA,NA,NA,"USGS-WRD",2018-05-10 10:00:00
"326","USGS","01208049",2018-06-07,"09:30",NA,NA,"EDT","K","USGS-WRD","WS","10003LB00",NA,NA,NA,"9","9","9",NA,"50468",NA,27,NA,"BAC14","S",NA,NA,NA,NA,NA,NA,NA,NA,"USGS-WRD",2018-06-07 09:30:00
"327","USGS","01208049",2018-07-09,"10:30",NA,NA,"EDT","K","USGS-WRD","WS","10003LB00",NA,NA,NA,"4","7","9",NA,"50468",NA,11,NA,"BAC14","S",NA,NA,NA,NA,NA,NA,NA,NA,"USGS-WRD",2018-07-09 10:30:00
"328","USGS","01208049",2018-08-07,"09:45",NA,NA,"EDT","K","USGS-WRD","WS","10003LB00",NA,NA,NA,"9","9","9",NA,"50468",NA,63,NA,"BAC14","S",NA,NA,NA,NA,NA,NA,NA,NA,"USGS-WRD",2018-08-07 09:45:00
"329","USGS","01208049",2018-09-05,"09:00",NA,NA,"EDT","K","USGS-WRD","WS","10003LB00",NA,NA,NA,"4","9","9",NA,"50468",NA,10,NA,"BAC14","S",NA,NA,NA,NA,NA,NA,NA,NA,"USGS-WRD",2018-09-05 09:00:00
"330","USGS","01208049",2018-11-13,"17:00",NA,NA,"EST","K","USGS-WRD","WS","10003LB00",NA,NA,NA,"6","9","9",NA,"50468",NA,1000,NA,"BAC14","S",NA,NA,NA,NA,NA,NA,NA,NA,"USGS-WRD",2018-11-13 17:00:00
"331","USGS","01208500",2017-01-09,"11:45",NA,NA,"EST","K","USGS-WRD","WS","10003LB00",NA,NA,NA,"4","9","3",NA,"50468",NA,1100,NA,"BAC14","S",NA,NA,NA,NA,NA,NA,NA,NA,"USGS-WRD",2017-01-09 11:45:00
"332","USGS","01208500",2017-03-09,"11:00",NA,NA,"EST","K","USGS-WRD","WS","10003LB00",NA,NA,NA,"5","7","3",NA,"50468",NA,11,NA,"BAC14","S",NA,NA,NA,NA,NA,NA,NA,NA,"USGS-WRD",2017-03-09 11:00:00
"333","USGS","01208500",2017-05-22,"13:00",NA,NA,"EDT","K","USGS-WRD","WS","10003LB00",NA,NA,NA,"8","9","3",NA,"50468",NA,140,NA,"BAC14","S",NA,NA,NA,NA,NA,NA,NA,NA,"USGS-WRD",2017-05-22 13:00:00
"334","USGS","01208500",2017-06-19,"12:15",NA,NA,"EDT","K","USGS-WRD","WS","10003LB00",NA,NA,NA,"8","9","3",NA,"50468",NA,280,NA,"BAC14","S",NA,NA,NA,NA,NA,NA,NA,NA,"USGS-WRD",2017-06-19 12:15:00
"335","USGS","01208500",2017-07-20,"11:15",NA,NA,"EDT","K","USGS-WRD","WS","10003LB00",NA,NA,NA,"9","9","3","L-2020045 Updated Time from 1015 per J. Mullaney 9/6/17","50468",NA,84,NA,"BAC14","S",NA,NA,NA,NA,NA,NA,NA,NA,"USGS-WRD",2017-07-20 11:15:00
"336","USGS","01208500",2017-08-01,"11:00",NA,NA,"EDT","K","USGS-WRD","WS","10003LB00",NA,NA,NA,"9","9","3","L-2140199 Updated Time from 1000 per J. Mullaney 8/24/17","50468",NA,63,NA,"BAC14","S",NA,NA,NA,NA,NA,NA,NA,NA,"USGS-WRD",2017-08-01 11:00:00
"337","USGS","01208500",2017-09-14,"11:00",NA,NA,"EDT","K","USGS-WRD","WS","10003LB00",NA,NA,NA,"4","9","3",NA,"50468",NA,330,NA,"BAC14","S",NA,NA,NA,NA,NA,NA,NA,NA,"USGS-WRD",2017-09-14 11:00:00
"338","USGS","01208500",2017-11-14,"11:15",NA,NA,"EST","K","USGS-WRD","WS","10003LB00",NA,NA,NA,"9","9","3",NA,"50468",NA,1100,NA,"BAC14","S",NA,NA,NA,NA,NA,NA,NA,NA,"USGS-WRD",2017-11-14 11:15:00
"339","USGS","01208500",2018-01-11,"11:15",NA,NA,"EST","K","USGS-WRD","WS","10003LB00",NA,NA,NA,"4","9","3",NA,"50468",NA,790,NA,"BAC14","S",NA,NA,NA,NA,NA,NA,NA,NA,"USGS-WRD",2018-01-11 11:15:00
"340","USGS","01208500",2018-03-27,"12:30",NA,NA,"EDT","K","USGS-WRD","WS","10003LB00",NA,NA,NA,"9","9","3",NA,"50468",NA,160,NA,"BAC14","S",NA,NA,NA,NA,NA,NA,NA,NA,"USGS-WRD",2018-03-27 12:30:00
"341","USGS","01208500",2018-05-10,"11:45",NA,NA,"EDT","K","USGS-WRD","WS","10003LB00",NA,NA,NA,"9","9","3",NA,"50468",NA,52,NA,"BAC14","S",NA,NA,NA,NA,NA,NA,NA,NA,"USGS-WRD",2018-05-10 11:45:00
"342","USGS","01208500",2018-06-07,"11:00",NA,NA,"EDT","K","USGS-WRD","WS","10003LB00",NA,NA,NA,"9","9","3",NA,"50468",NA,310,NA,"BAC14","S",NA,NA,NA,NA,NA,NA,NA,NA,"USGS-WRD",2018-06-07 11:00:00
"343","USGS","01208500",2018-07-09,"13:45",NA,NA,"EDT","K","USGS-WRD","WS","10003LB00",NA,NA,NA,"4","9","3",NA,"50468",NA,16,NA,"BAC14","S",NA,NA,NA,NA,NA,NA,NA,NA,"USGS-WRD",2018-07-09 13:45:00
"344","USGS","01208500",2018-08-07,"12:15",NA,NA,"EDT","K","USGS-WRD","WS","10003LB00",NA,NA,NA,"6","9","3",NA,"50468",NA,140,NA,"BAC14","S",NA,NA,NA,NA,NA,NA,NA,NA,"USGS-WRD",2018-08-07 12:15:00
"345","USGS","01208500",2018-09-05,"10:45",NA,NA,"EDT","K","USGS-WRD","WS","10003LB00",NA,NA,NA,"4","7","3",NA,"50468",NA,77,NA,"BAC14","S",NA,NA,NA,NA,NA,NA,NA,NA,"USGS-WRD",2018-09-05 10:45:00
"346","USGS","01208500",2018-11-13,"15:15",NA,NA,"EST","K","USGS-WRD","WS","10003LB00",NA,NA,NA,"6","9","3",NA,"50468",NA,1600,NA,"BAC14","S",NA,NA,NA,NA,NA,NA,NA,NA,"USGS-WRD",2018-11-13 15:15:00
"347","USGS","01208990",2017-04-04,"11:00",NA,NA,"EDT","K","USGS-WRD","WS","10003LB00",NA,NA,NA,"5","9","3",NA,"50468",NA,190,NA,"BAC14","S",NA,NA,NA,NA,NA,NA,NA,NA,"USGS-WRD",2017-04-04 11:00:00
"348","USGS","01208990",2017-08-23,"13:00",NA,NA,"EDT","K","USGS-WRD","WS","10003LB00",NA,NA,NA,"4","9","3",NA,"50468",NA,49,NA,"BAC14","S",NA,NA,NA,NA,NA,NA,NA,NA,"USGS-WRD",2017-08-23 13:00:00
"349","USGS","01208990",2017-10-17,"14:15",NA,NA,"EDT","K","USGS-WRD","WS","10003LB00",NA,NA,NA,"4","9","9","L-2920157 FED EX LATE DELIVERY","50468",NA,12,NA,"BAC14","S",NA,NA,NA,NA,NA,NA,NA,NA,"USGS-WRD",2017-10-17 14:15:00
"350","USGS","01208990",2018-01-10,"14:45",NA,NA,"EST","K","USGS-WRD","WS","10003LB00",NA,NA,NA,"9","9","3",NA,"50468",NA,15,NA,"BAC14","S",NA,NA,NA,NA,NA,NA,NA,NA,"USGS-WRD",2018-01-10 14:45:00
"351","USGS","01208990",2018-03-26,"15:30",NA,NA,"EDT","K","USGS-WRD","WS","10003LB00",NA,NA,NA,"9","9","3","L-0870020 FED EX LATE DELIVERY","50468",NA,9,NA,"BAC14","S",NA,NA,NA,NA,NA,NA,NA,NA,"USGS-WRD",2018-03-26 15:30:00
"352","USGS","01208990",2018-07-17,"13:45",NA,NA,"EDT","K","USGS-WRD","WS","10003LB00",NA,NA,NA,"4","9","3",NA,"50468",NA,36,NA,"BAC14","S",NA,NA,NA,NA,NA,NA,NA,NA,"USGS-WRD",2018-07-17 13:45:00
"353","USGS","01208990",2018-10-16,"13:15",NA,NA,"EDT","K","USGS-WRD","WS","10003LB00",NA,NA,NA,"9","9","3",NA,"50468",NA,29,NA,"BAC14","S",NA,NA,NA,NA,NA,NA,NA,NA,"USGS-WRD",2018-10-16 13:15:00
"354","USGS","01209710",2017-02-01,"10:45",NA,NA,"EST","K","USGS-WRD","WS","10003LB00",NA,NA,NA,"9","9","3",NA,"50468",NA,23,NA,"BAC14","S",NA,NA,NA,NA,NA,NA,NA,NA,"USGS-WRD",2017-02-01 10:45:00
"355","USGS","01209710",2017-06-07,"11:00",NA,NA,"EST","K","USGS-WRD","WS","10003LB00",NA,NA,NA,"9","9","3",NA,"50468",NA,140,NA,"BAC14","S",NA,NA,NA,NA,NA,NA,NA,NA,"USGS-WRD",2017-06-07 11:00:00
"356","USGS","01209710",2017-07-05,"09:45",NA,NA,"EST","K","USGS-WRD","WS","10003LB00",NA,NA,NA,"5","9","3",NA,"50468",NA,100,NA,"BAC14","S",NA,NA,NA,NA,NA,NA,NA,NA,"USGS-WRD",2017-07-05 09:45:00
"357","USGS","01209710",2017-08-15,"10:15",NA,NA,"EST","K","USGS-WRD","WS","10003LB00",NA,NA,NA,"4","9","3",NA,"50468",NA,61,NA,"BAC14","S",NA,NA,NA,NA,NA,NA,NA,NA,"USGS-WRD",2017-08-15 10:15:00
"358","USGS","01209710",2017-09-18,"10:45",NA,NA,"EDT","K","USGS-WRD","WS","10003LB00",NA,NA,NA,"4","9","3","L-2640110 FED EX LATE DELIVERY","50468",NA,43,NA,"BAC14","S",NA,NA,NA,NA,NA,NA,NA,NA,"USGS-WRD",2017-09-18 10:45:00
"359","USGS","01209710",2017-10-17,"11:30",NA,NA,"EDT","K","USGS-WRD","WS","10003LB00",NA,NA,NA,"4","9","3","L-2920156 fed ex late delivery","50468",NA,46,NA,"BAC14","S",NA,NA,NA,NA,NA,NA,NA,NA,"USGS-WRD",2017-10-17 11:30:00
"360","USGS","01209710",2017-12-13,"12:00",NA,NA,"EST","K","USGS-WRD","WS","10003LB00",NA,NA,NA,"9","7","3",NA,"50468",NA,93,NA,"BAC14","S",NA,NA,NA,NA,NA,NA,NA,NA,"USGS-WRD",2017-12-13 12:00:00
"361","USGS","01209710",2018-02-06,"10:45",NA,NA,"EST","K","USGS-WRD","WS","10003LB00",NA,NA,NA,"9","9","3",NA,"50468",NA,120,NA,"BAC14","S",NA,NA,NA,NA,NA,NA,NA,NA,"USGS-WRD",2018-02-06 10:45:00
"362","USGS","01209710",2018-05-23,"12:15",NA,NA,"EDT","K","USGS-WRD","WS","10003LB00",NA,NA,NA,"8","9","3",NA,"50468",NA,490,NA,"BAC14","S",NA,NA,NA,NA,NA,NA,NA,NA,"USGS-WRD",2018-05-23 12:15:00
"363","USGS","01209710",2018-06-13,"11:15",NA,NA,"EDT","K","USGS-WRD","WS","10003LB00",NA,NA,NA,"4","9","3",NA,"50468",NA,280,NA,"BAC14","S",NA,NA,NA,NA,NA,NA,NA,NA,"USGS-WRD",2018-06-13 11:15:00
"364","USGS","01209710",2018-07-24,"10:45",NA,NA,"EDT","K","USGS-WRD","WS","10003LB00",NA,NA,NA,"9","9","3",NA,"50468",NA,200,NA,"BAC14","S",NA,NA,NA,NA,NA,NA,NA,NA,"USGS-WRD",2018-07-24 10:45:00
"365","USGS","01209710",2018-08-01,"10:45",NA,NA,"EDT","K","USGS-WRD","WS","10003LB00",NA,NA,NA,"4","9","3",NA,"50468",NA,96,NA,"BAC14","S",NA,NA,NA,NA,NA,NA,NA,NA,"USGS-WRD",2018-08-01 10:45:00
"366","USGS","01209710",2018-09-10,"11:45",NA,NA,"EDT","K","USGS-WRD","WS","10003LB00",NA,NA,NA,"9","9","3",NA,"50468",NA,410,NA,"BAC14","S",NA,NA,NA,NA,NA,NA,NA,NA,"USGS-WRD",2018-09-10 11:45:00
"367","USGS","01209710",2018-10-16,"10:45",NA,NA,"EDT","K","USGS-WRD","WS",NA,NA,NA,NA,"9","9","3",NA,"50468",NA,99,NA,"BAC14","S",NA,NA,NA,NA,NA,NA,NA,NA,"USGS-WRD",2018-10-16 10:45:00
"368","USGS","01209710",2018-12-10,"11:45",NA,NA,"EST","K","USGS-WRD","WS","10003LB00",NA,NA,NA,"9","9","3","L-3450026 X = Please place bottle sets in their own baggie.","50468",NA,27,NA,"BAC14","S",NA,NA,NA,NA,NA,NA,NA,NA,"USGS-WRD",2018-12-10 11:45:00
"369","USGS","01191550",2017-06-01,"00:01",NA,NA,"EDT","K",NA,"WS",NA,NA,NA,NA,"9","9","3",NA,"50468",NA,280,NA,"BAC14","S",NA,NA,NA,NA,NA,NA,NA,NA,NA,2017-06-01 00:01:00
"370","USGS","01191550",2017-06-15,"00:20",NA,NA,"EDT","K",NA,"WS",NA,NA,NA,NA,"9","9","3",NA,"50468",NA,16,NA,"BAC14","S",NA,NA,NA,NA,NA,NA,NA,NA,NA,2017-06-15 00:20:00
"371","USGS","01191550",2017-06-29,"10:42",NA,NA,"EDT","K",NA,"WS",NA,NA,NA,NA,"9","9","3",NA,"50468",NA,52,NA,"BAC14","S",NA,NA,NA,NA,NA,NA,NA,NA,NA,2017-06-29 10:42:00
"372","USGS","01191550",2017-07-13,"10:00",NA,NA,"EDT","K",NA,"WS",NA,NA,NA,NA,"9","9","3",NA,"50468",NA,84,NA,"BAC14","S",NA,NA,NA,NA,NA,NA,NA,NA,NA,2017-07-13 10:00:00
"373","USGS","01191550",2017-07-27,"10:40",NA,NA,"EDT","K",NA,"WS",NA,NA,NA,NA,"9","9","3",NA,"50468",NA,180,NA,"BAC14","S",NA,NA,NA,NA,NA,NA,NA,NA,NA,2017-07-27 10:40:00
"374","USGS","01191550",2017-08-10,"08:15",NA,NA,"EDT","K",NA,"WS",NA,NA,NA,NA,"9","9","3",NA,"50468",NA,54,NA,"BAC15","S",NA,NA,NA,NA,NA,NA,NA,NA,NA,2017-08-10 08:15:00
"375","USGS","01191550",2017-08-24,"11:20",NA,NA,"EDT","K",NA,"WS",NA,NA,NA,NA,"9","9","3",NA,"50468",NA,96,NA,"BAC14","S",NA,NA,NA,NA,NA,NA,NA,NA,NA,2017-08-24 11:20:00
"376","USGS","01191550",2017-09-07,"10:40",NA,NA,"EDT","K",NA,"WS",NA,NA,NA,NA,"9","9","3",NA,"50468",NA,520,NA,"BAC14","S",NA,NA,NA,NA,NA,NA,NA,NA,NA,2017-09-07 10:40:00
"377","USGS","01191550",2017-09-21,"11:05",NA,NA,"EDT","K",NA,"WS",NA,NA,NA,NA,"9","9","3",NA,"50468",NA,28,NA,"BAC14","S",NA,NA,NA,NA,NA,NA,NA,NA,NA,2017-09-21 11:05:00
"378","USGS","01191550",2017-10-01,"12:55",NA,NA,"EDT","K",NA,"WS",NA,NA,NA,NA,"9","9","3",NA,"50468",NA,150,NA,"BAC14","S",NA,NA,NA,NA,NA,NA,NA,NA,NA,2017-10-01 12:55:00
